timestamp_s;timestamp_us;emg_raw;imu1_timestamp_us;imu1_ax;imu1_ay;imu1_az;imu1_gx;imu1_gy;imu1_gz;imu2_timestamp_us;imu2_ax;imu2_ay;imu2_az;imu2_gx;imu2_gy;imu2_gz
0.0;201537500;1993;;;;;;;;;;;;;;
0.0025;201540000;1996;;;;;;;;;;;;;;
0.005;201542500;2007;;;;;;;;;;;;;;
0.0075;201545000;2015;;;;;;;;;;;;;;
0.01;201547500;2014;;;;;;;;;;;;;;
0.0125;201550000;2014;;;;;;;;;;;;;;
0.015;201552500;1997;;;;;;;;;;;;;;
0.0175;201555000;1993;;;;;;;;;;;;;;
0.02;201557500;1996;;;;;;;;;;;;;;
0.0225;201560000;2008;;;;;;;;;;;;;;
0.025;201562500;2010;;;;;;;;;;;;;;
0.0275;201565000;2012;;;;;;;;;;;;;;
0.03;201567500;2024;;;;;;;;;;;;;;
0.0325;201570000;2011;;;;;;;;;;;;;;
0.035;201572500;2011;;;;;;;;;;;;;;
0.0375;201575000;1997;;;;;;;;;;;;;;
0.04;201577500;2008;;;;;;;;;;;;;;
0.0425;201580000;1994;;;;;;;;;;;;;;
0.045;201582500;2009;;;;;;;;;;;;;;
0.0475;201585000;2013;;;;;;;;;;;;;;
0.05;201587500;2030;;;;;;;;;;;;;;
0.0525;201590000;2024;;;;;;;;;;;;;;
0.055;201592500;2010;;;;;;;;;;;;;;
0.0575;201595000;1992;;;;;;;;;;;;;;
0.06;201597500;2008;;;;;;;;;;;;;;
0.0625;201600000;2013;;;;;;;;;;;;;;
0.065;201602500;2027;;;;;;;;;;;;;;
0.0675;201605000;2030;;;;;;;;;;;;;;
0.07;201607500;2027;;;;;;;;;;;;;;
0.0725;201610000;2027;;;;;;;;;;;;;;
0.075;201612500;2014;;;;;;;;;;;;;;
0.0775;201615000;1995;;;;;;;;;;;;;;
0.08;201617500;1999;;;;;;;;;;;;;;
0.0825;201620000;2010;;;;;;;;;;;;;;
0.085;201622500;2022;;;;;;;;;;;;;;
0.0875;201625000;2027;;;;;;;;;;;;;;
0.09;201627500;2025;;;;;;;;;;;;;;
0.0925;201630000;2026;;;;;;;;;;;;;;
0.095;201632500;2011;;;;;;;;;;;;;;
0.0975;201635000;1998;;;;;;;;;;;;;;
0.1;201637500;1999;;;;;;;;;;;;;;
0.1025;201640000;1998;;;;;;;;;;;;;;
0.105;201642500;2025;;;;;;;;;;;;;;
0.1075;201645000;2027;;;;;;;;;;;;;;
0.11;201647500;2025;;;;;;;;;;;;;;
0.1125;201650000;2039;;;;;;;;;;;;;;
0.115;201652500;2015;;;;;;;;;;;;;;
0.1175;201655000;2011;;;;;;;;;;;;;;
0.12;201657500;1998;;;;;;;;;;;;;;
0.1225;201660000;1998;;;;;;;;;;;;;;
0.125;201662500;2014;;;;;;;;;;;;;;
0.1275;201665000;2013;;;;;;;;;;;;;;
0.13;201667500;2024;;;;;;;;;;;;;;
0.1325;201670000;2029;;;;;;;;;;;;;;
0.135;201672500;2011;;;;;;;;;;;;;;
0.1375;201675000;1998;;;;;;;;;;;;;;
0.14;201677500;2000;;;;;;;;;;;;;;
0.1425;201680000;2012;;;;;;;;;;;;;;
0.145;201682500;2024;;;;;;;;;;;;;;
0.1475;201685000;2031;;;;;;;;;;;;;;
0.15;201687500;2040;;;;;;;;;;;;;;
0.1525;201690000;2028;;;;;;;;;;;;;;
0.155;201692500;2014;;;;;;;;;;;;;;
0.1575;201695000;2013;;;;;;;;;;;;;;
0.16;201697500;2009;;;;;;;;;;;;;;
0.1625;201700000;2014;;;;;;;;;;;;;;
0.165;201702500;2024;;;;;;;;;;;;;;
0.1675;201705000;2028;;;;;;;;;;;;;;
0.17;201707500;2042;;;;;;;;;;;;;;
0.1725;201710000;2030;;;;;;;;;;;;;;
0.175;201712500;2024;;;;;;;;;;;;;;
0.1775;201715000;2008;;;;;;;;;;;;;;
0.18;201717500;2013;;;;;;;;;;;;;;
0.1825;201720000;2026;;;;;;;;;;;;;;
0.185;201722500;2031;;;;;;;;;;;;;;
0.1875;201725000;2031;;;;;;;;;;;;;;
0.19;201727500;2064;;;;;;;;;;;;;;
0.1925;201730000;2042;;;;;;;;;;;;;;
0.195;201732500;2025;;;;;;;;;;;;;;
0.1975;201735000;2024;;;;;;;;;;;;;;
0.2;201737500;2028;;;;;;;;;;;;;;
0.2025;201740000;2039;;;;;;;;;;;;;;
0.205;201742500;2040;;;;;;;;;;;;;;
0.2075;201745000;2045;;;;;;;;;;;;;;
0.21;201747500;2045;;;;;;;;;;;;;;
0.2125;201750000;2045;;;;;;;;;;;;;;
0.215;201752500;2039;;;;;;;;;;;;;;
0.2175;201755000;2026;;;;;;;;;;;;;;
0.22;201757500;2013;;;;;;;;;;;;;;
0.2225;201760000;2029;;;;;;;;;;;;;;
0.225;201762500;2046;;;;;;;;;;;;;;
0.2275;201765000;2047;;;;;;;;;;;;;;
0.23;201767500;2056;;;;;;;;;;;;;;
0.2325;201770000;2060;;;;;;;;;;;;;;
0.235;201772500;2027;;;;;;;;;;;;;;
0.2375;201775000;2025;;;;;;;;;;;;;;
0.24;201777500;2030;;;;;;;;;;;;;;
0.2425;201780000;2041;;;;;;;;;;;;;;
0.245;201782500;2042;;;;;;;;;;;;;;
0.2475;201785000;2058;;;;;;;;;;;;;;
0.25;201787500;2060;;;;;;;;;;;;;;
0.2525;201790000;2046;;;;;;;;;;;;;;
0.255;201792500;2041;;;;;;;;;;;;;;
0.2575;201795000;2028;;;;;;;;;;;;;;
0.26;201797500;2024;;;;;;;;;;;;;;
0.2625;201800000;2042;;;;;;;;;;;;;;
0.265;201802500;2044;;;;;;;;;;;;;;
0.2675;201805000;2046;;;;;;;;;;;;;;
0.27;201807500;2073;;;;;;;;;;;;;;
0.2725;201810000;2056;;;;;;;;;;;;;;
0.275;201812500;2039;;;;;;;;;;;;;;
0.2775;201815000;2026;;;;;;;;;;;;;;
0.28;201817500;2030;;;;;;;;;;;;;;
0.2825;201820000;2040;;;;;;;;;;;;;;
0.285;201822500;2057;;;;;;;;;;;;;;
0.2875;201825000;2056;;;;;;;;;;;;;;
0.29;201827500;2062;;;;;;;;;;;;;;
0.2925;201830000;2060;;;;;;;;;;;;;;
0.295;201832500;2030;;;;;;;;;;;;;;
0.2975;201835000;2027;;;;;;;;;;;;;;
0.3;201837500;2026;;;;;;;;;;;;;;
0.3025;201840000;2025;;;;;;;;;;;;;;
0.305;201842500;2045;;;;;;;;;;;;;;
0.3075;201845000;2046;;;;;;;;;;;;;;
0.31;201847500;2057;;;;;;;;;;;;;;
0.3125;201850000;2046;;;;;;;;;;;;;;
0.315;201852500;2030;;;;;;;;;;;;;;
0.3175;201855000;2013;;;;;;;;;;;;;;
0.32;201857500;2013;;;;;;;;;;;;;;
0.3225;201860000;2026;;;;;;;;;;;;;;
0.325;201862500;2032;;;;;;;;;;;;;;
0.3275;201865000;2031;;;;;;;;;;;;;;
0.33;201867500;2046;;;;;;;;;;;;;;
0.3325;201870000;2042;;;;;;;;;;;;;;
0.335;201872500;2026;;;;;;;;;;;;;;
0.3375;201875000;2027;;;;;;;;;;;;;;
0.34;201877500;2024;;;;;;;;;;;;;;
0.3425;201880000;2026;;;;;;;;;;;;;;
0.345;201882500;2029;;;;;;;;;;;;;;
0.3475;201885000;2026;;;;;;;;;;;;;;
0.35;201887500;2039;;;;;;;;;;;;;;
0.3525;201890000;2041;;;;;;;;;;;;;;
0.355;201892500;2026;;;;;;;;;;;;;;
0.3575;201895000;2012;;;;;;;;;;;;;;
0.36;201897500;1999;;;;;;;;;;;;;;
0.3625;201900000;2027;;;;;;;;;;;;;;
0.365;201902500;2040;;;;;;;;;;;;;;
0.3675;201905000;2024;;;;;;;;;;;;;;
0.37;201907500;2041;;;;;;;;;;;;;;
0.3725;201910000;2015;;;;;;;;;;;;;;
0.375;201912500;2025;;;;;;;;;;;;;;
0.3775;201915000;1997;;;;;;;;;;;;;;
0.38;201917500;2000;;;;;;;;;;;;;;
0.3825;201920000;2009;;;;;;;;;;;;;;
0.385;201922500;2012;;;;;;;;;;;;;;
0.3875;201925000;2027;;;;;;;;;;;;;;
0.39;201927500;2028;;;;;;;;;;;;;;
0.3925;201930000;2024;;;;;;;;;;;;;;
0.395;201932500;2009;;;;;;;;;;;;;;
0.3975;201935000;1994;;;;;;;;;;;;;;
0.4;201937500;2007;;;;;;;;;;;;;;
0.4025;201940000;2010;;;;;;;;;;;;;;
0.405;201942500;2010;;;;;;;;;;;;;;
0.4075;201945000;2014;;;;;;;;;;;;;;
0.41;201947500;2023;;;;;;;;;;;;;;
0.4125;201950000;2007;;;;;;;;;;;;;;
0.415;201952500;1996;;;;;;;;;;;;;;
0.4175;201955000;1982;;;;;;;;;;;;;;
0.42;201957500;1979;;;;;;;;;;;;;;
0.4225;201960000;1982;;;;;;;;;;;;;;
0.425;201962500;2010;;;;;;;;;;;;;;
0.4275;201965000;2024;;;;;;;;;;;;;;
0.43;201967500;2023;;;;;;;;;;;;;;
0.4325;201970000;2007;;;;;;;;;;;;;;
0.435;201972500;1990;;;;;;;;;;;;;;
0.4375;201975000;1977;;;;;;;;;;;;;;
0.44;201977500;1976;;;;;;;;;;;;;;
0.4425;201980000;1978;;;;;;;;;;;;;;
0.445;201982500;2008;;;;;;;;;;;;;;
0.4475;201985000;2009;;;;;;;;;;;;;;
0.45;201987500;1996;;;;;;;;;;;;;;
0.4525;201990000;2010;;;;;;;;;;;;;;
0.455;201992500;1978;;;;;;;;;;;;;;
0.4575;201995000;1978;;;;;;;;;;;;;;
0.46;201997500;1962;;;;;;;;;;;;;;
0.4625;202000000;1981;;;;;;;;;;;;;;
0.465;202002500;1991;;;;;;;;;;;;;;
0.4675;202005000;1996;;;;;;;;;;;;;;
0.47;202007500;2011;;;;;;;;;;;;;;
0.4725;202010000;2014;;;;;;;;;;;;;;
0.475;202012500;1991;;;;;;;;;;;;;;
0.4775;202015000;1951;;;;;;;;;;;;;;
0.48;202017500;1980;;;;;;;;;;;;;;
0.4825;202020000;1977;;;;;;;;;;;;;;
0.485;202022500;1979;;;;;;;;;;;;;;
0.4875;202025000;1995;;;;;;;;;;;;;;
0.49;202027500;2008;;;;;;;;;;;;;;
0.4925;202030000;1996;;;;;;;;;;;;;;
0.495;202032500;1992;;;;;;;;;;;;;;
0.4975;202035000;1979;;;;;;;;;;;;;;
0.5;202037500;1980;;;;;;;;;;;;;;
0.5025;202040000;1979;;;;;;;;;;;;;;
0.505;202042500;1994;;;;;;;;;;;;;;
0.5075;202045000;1992;;;;;;;;;;;;;;
0.51;202047500;1992;;;;;;;;;;;;;;
0.5125;202050000;1977;;;;;;;;;;;;;;
0.515;202052500;1978;;;;;;;;;;;;;;
0.5175;202055000;1963;;;;;;;;;;;;;;
0.52;202057500;1966;;;;;;;;;;;;;;
0.5225;202060000;1982;;;;;;;;;;;;;;
0.525;202062500;1979;;;;;;;;;;;;;;
0.5275;202065000;1983;;;;;;;;;;;;;;
0.53;202067500;1993;;;;;;;;;;;;;;
0.5325;202070000;1994;;;;;;;;;;;;;;
0.535;202072500;1982;;;;;;;;;;;;;;
0.5375;202075000;1966;;;;;;;;;;;;;;
0.54;202077500;1962;;;;;;;;;;;;;;
0.5425;202080000;1978;;;;;;;;;;;;;;
0.545;202082500;1982;;;;;;;;;;;;;;
0.5475;202085000;1982;;;;;;;;;;;;;;
0.55;202087500;1977;;;;;;;;;;;;;;
0.5525;202090000;1966;;;;;;;;;;;;;;
0.555;202092500;1967;;;;;;;;;;;;;;
0.5575;202095000;1959;;;;;;;;;;;;;;
0.56;202097500;1961;;;;;;;;;;;;;;
0.5625;202100000;1965;;;;;;;;;;;;;;
0.565;202102500;1979;;;;;;;;;;;;;;
0.5675;202105000;1979;;;;;;;;;;;;;;
0.57;202107500;1993;;;;;;;;;;;;;;
0.5725;202110000;1994;;;;;;;;;;;;;;
0.575;202112500;1984;;;;;;;;;;;;;;
0.5775;202115000;1975;;;;;;;;;;;;;;
0.58;202117500;1961;;;;;;;;;;;;;;
0.5825;202120000;1979;;;;;;;;;;;;;;
0.585;202122500;1982;;;;;;;;;;;;;;
0.5875;202125000;1993;;;;;;;;;;;;;;
0.59;202127500;1996;;;;;;;;;;;;;;
0.5925;202130000;1996;;;;;;;;;;;;;;
0.595;202132500;1991;;;;;;;;;;;;;;
0.5975;202135000;1977;;;;;;;;;;;;;;
0.6;202137500;1977;;;;;;;;;;;;;;
0.6025;202140000;1980;;;;;;;;;;;;;;
0.605;202142500;1995;;;;;;;;;;;;;;
0.6075;202145000;1998;;;;;;;;;;;;;;
0.61;202147500;2010;;;;;;;;;;;;;;
0.6125;202150000;1999;;;;;;;;;;;;;;
0.615;202152500;1982;;;;;;;;;;;;;;
0.6175;202155000;1992;;;;;;;;;;;;;;
0.62;202157500;1983;;;;;;;;;;;;;;
0.6225;202160000;1980;;;;;;;;;;;;;;
0.625;202162500;1994;;;;;;;;;;;;;;
0.6275;202165000;2008;;;;;;;;;;;;;;
0.63;202167500;2008;;;;;;;;;;;;;;
0.6325;202170000;1992;;;;;;;;;;;;;;
0.635;202172500;1962;;;;;;;;;;;;;;
0.6375;202175000;1978;;;;;;;;;;;;;;
0.64;202177500;1983;;;;;;;;;;;;;;
0.6425;202180000;1983;;;;;;;;;;;;;;
0.645;202182500;1990;;;;;;;;;;;;;;
0.6475;202185000;1994;;;;;;;;;;;;;;
0.65;202187500;1992;;;;;;;;;;;;;;
0.6525;202190000;1992;;;;;;;;;;;;;;
0.655;202192500;1980;;;;;;;;;;;;;;
0.6575;202195000;1976;;;;;;;;;;;;;;
0.66;202197500;1964;;;;;;;;;;;;;;
0.6625;202200000;1996;;;;;;;;;;;;;;
0.665;202202500;1991;;;;;;;;;;;;;;
0.6675;202205000;2012;;;;;;;;;;;;;;
0.67;202207500;2007;;;;;;;;;;;;;;
0.6725;202210000;2009;;;;;;;;;;;;;;
0.675;202212500;1982;;;;;;;;;;;;;;
0.6775;202215000;1976;;;;;;;;;;;;;;
0.68;202217500;1977;;;;;;;;;;;;;;
0.6825;202220000;1982;;;;;;;;;;;;;;
0.685;202222500;1992;;;;;;;;;;;;;;
0.6875;202225000;2010;;;;;;;;;;;;;;
0.69;202227500;2040;;;;;;;;;;;;;;
0.6925;202230000;2012;;;;;;;;;;;;;;
0.695;202232500;1998;;;;;;;;;;;;;;
0.6975;202235000;1993;;;;;;;;;;;;;;
0.7;202237500;1980;;;;;;;;;;;;;;
0.7025;202240000;1995;;;;;;;;;;;;;;
0.705;202242500;2010;;;;;;;;;;;;;;
0.7075;202245000;2012;;;;;;;;;;;;;;
0.71;202247500;2031;;;;;;;;;;;;;;
0.7125;202250000;2027;;;;;;;;;;;;;;
0.715;202252500;2007;;;;;;;;;;;;;;
0.7175;202255000;1992;;;;;;;;;;;;;;
0.72;202257500;1998;;;;;;;;;;;;;;
0.7225;202260000;2008;;;;;;;;;;;;;;
0.725;202262500;2009;;;;;;;;;;;;;;
0.7275;202265000;2023;;;;;;;;;;;;;;
0.73;202267500;2030;;;;;;;;;;;;;;
0.7325;202270000;2011;;;;;;;;;;;;;;
0.735;202272500;1998;;;;;;;;;;;;;;
0.7375;202275000;1996;;;;;;;;;;;;;;
0.74;202277500;1984;;;;;;;;;;;;;;
0.7425;202280000;2000;;;;;;;;;;;;;;
0.745;202282500;2011;;;;;;;;;;;;;;
0.7475;202285000;2015;;;;;;;;;;;;;;
0.75;202287500;2030;;;;;;;;;;;;;;
0.7525;202290000;2014;;;;;;;;;;;;;;
0.755;202292500;1992;;;;;;;;;;;;;;
0.7575;202295000;1993;;;;;;;;;;;;;;
0.76;202297500;1993;;;;;;;;;;;;;;
0.7625;202300000;1983;;;;;;;;;;;;;;
0.765;202302500;2010;;;;;;;;;;;;;;
0.7675;202305000;2024;;;;;;;;;;;;;;
0.77;202307500;2015;;;;;;;;;;;;;;
0.7725;202310000;2011;;;;;;;;;;;;;;
0.775;202312500;2009;;;;;;;;;;;;;;
0.7775;202315000;1991;;;;;;;;;;;;;;
0.78;202317500;1996;;;;;;;;;;;;;;
0.7825;202320000;2014;;;;;;;;;;;;;;
0.785;202322500;2023;;;;;;;;;;;;;;
0.7875;202325000;2028;;;;;;;;;;;;;;
0.79;202327500;2016;;;;;;;;;;;;;;
0.7925;202330000;2012;;;;;;;;;;;;;;
0.795;202332500;2011;;;;;;;;;;;;;;
0.7975;202335000;2014;;;;;;;;;;;;;;
0.8;202337500;2014;;;;;;;;;;;;;;
0.8025;202340000;2012;;;;;;;;;;;;;;
0.805;202342500;2040;;;;;;;;;;;;;;
0.8075;202345000;2042;;;;;;;;;;;;;;
0.81;202347500;2046;;;;;;;;;;;;;;
0.8125;202350000;2044;;;;;;;;;;;;;;
0.815;202352500;2042;;;;;;;;;;;;;;
0.8175;202355000;2024;;;;;;;;;;;;;;
0.82;202357500;2009;;;;;;;;;;;;;;
0.8225;202360000;2010;;;;;;;;;;;;;;
0.825;202362500;2024;;;;;;;;;;;;;;
0.8275;202365000;2043;;;;;;;;;;;;;;
0.83;202367500;2043;;;;;;;;;;;;;;
0.8325;202370000;2028;;;;;;;;;;;;;;
0.835;202372500;2007;;;;;;;;;;;;;;
0.8375;202375000;1992;;;;;;;;;;;;;;
0.84;202377500;1997;;;;;;;;;;;;;;
0.8425;202380000;2008;;;;;;;;;;;;;;
0.845;202382500;2012;;;;;;;;;;;;;;
0.8475;202385000;2027;;;;;;;;;;;;;;
0.85;202387500;2025;;;;;;;;;;;;;;
0.8525;202390000;2024;;;;;;;;;;;;;;
0.855;202392500;2010;;;;;;;;;;;;;;
0.8575;202395000;2007;;;;;;;;;;;;;;
0.86;202397500;1995;;;;;;;;;;;;;;
0.8625;202400000;2012;;;;;;;;;;;;;;
0.865;202402500;2024;;;;;;;;;;;;;;
0.8675;202405000;2029;;;;;;;;;;;;;;
0.87;202407500;2023;;;;;;;;;;;;;;
0.8725;202410000;2012;;;;;;;;;;;;;;
0.875;202412500;1997;;;;;;;;;;;;;;
0.8775;202415000;1992;;;;;;;;;;;;;;
0.88;202417500;1997;;;;;;;;;;;;;;
0.8825;202420000;2012;;;;;;;;;;;;;;
0.885;202422500;2029;;;;;;;;;;;;;;
0.8875;202425000;2027;;;;;;;;;;;;;;
0.89;202427500;2024;;;;;;;;;;;;;;
0.8925;202430000;2030;;;;;;;;;;;;;;
0.895;202432500;2011;;;;;;;;;;;;;;
0.8975;202435000;2008;;;;;;;;;;;;;;
0.9;202437500;2008;;;;;;;;;;;;;;
0.9025;202440000;1999;;;;;;;;;;;;;;
0.905;202442500;2025;;;;;;;;;;;;;;
0.9075;202445000;2027;;;;;;;;;;;;;;
0.91;202447500;2032;;;;;;;;;;;;;;
0.9125;202450000;2032;;;;;;;;;;;;;;
0.915;202452500;2039;;;;;;;;;;;;;;
0.9175;202455000;2010;;;;;;;;;;;;;;
0.92;202457500;2012;;;;;;;;;;;;;;
0.9225;202460000;2009;;;;;;;;;;;;;;
0.925;202462500;2024;;;;;;;;;;;;;;
0.9275;202465000;2023;;;;;;;;;;;;;;
0.93;202467500;2039;;;;;;;;;;;;;;
0.9325;202470000;2010;;;;;;;;;;;;;;
0.935;202472500;2011;;;;;;;;;;;;;;
0.9375;202475000;2007;;;;;;;;;;;;;;
0.94;202477500;2007;;;;;;;;;;;;;;
0.9425;202480000;2013;;;;;;;;;;;;;;
0.945;202482500;2024;;;;;;;;;;;;;;
0.9475;202485000;2012;;;;;;;;;;;;;;
0.95;202487500;2028;;;;;;;;;;;;;;
0.9525;202490000;2024;;;;;;;;;;;;;;
0.955;202492500;2009;;;;;;;;;;;;;;
0.9575;202495000;2007;;;;;;;;;;;;;;
0.96;202497500;2009;;;;;;;;;;;;;;
0.9625;202500000;2010;;;;;;;;;;;;;;
0.965;202502500;2023;;;;;;;;;;;;;;
0.9675;202505000;2042;;;;;;;;;;;;;;
0.97;202507500;2029;;;;;;;;;;;;;;
0.9725;202510000;2024;;;;;;;;;;;;;;
0.975;202512500;2008;;;;;;;;;;;;;;
0.9775;202515000;1997;;;;;;;;;;;;;;
0.98;202517500;2015;;;;;;;;;;;;;;
0.9825;202520000;2014;;;;;;;;;;;;;;
0.985;202522500;2024;;;;;;;;;;;;;;
0.9875;202525000;2027;;;;;;;;;;;;;;
0.99;202527500;2043;;;;;;;;;;;;;;
0.9925;202530000;2044;;;;;;;;;;;;;;
0.995;202532500;2014;;;;;;;;;;;;;;
0.9975;202535000;2014;;;;;;;;;;;;;;
1.0;202537500;2009;;;;;;;;;;;;;;
1.0025;202540000;2012;;;;;;;;;;;;;;
1.005;202542500;2025;;;;;;;;;;;;;;
1.0075;202545000;2026;;;;;;;;;;;;;;
1.01;202547500;2027;;;;;;;;;;;;;;
1.0125;202550000;2014;;;;;;;;;;;;;;
1.015;202552500;2011;;;;;;;;;;;;;;
1.0175;202555000;1997;;;;;;;;;;;;;;
1.02;202557500;2009;;;;;;;;;;;;;;
1.0225;202560000;2013;;;;;;;;;;;;;;
1.025;202562500;2026;;;;;;;;;;;;;;
1.0275;202565000;2028;;;;;;;;;;;;;;
1.03;202567500;2040;;;;;;;;;;;;;;
1.0325;202570000;2025;;;;;;;;;;;;;;
1.035;202572500;2014;;;;;;;;;;;;;;
1.0375;202575000;2008;;;;;;;;;;;;;;
1.04;202577500;2013;;;;;;;;;;;;;;
1.0425;202580000;2015;;;;;;;;;;;;;;
1.045;202582500;2029;;;;;;;;;;;;;;
1.0475;202585000;2040;;;;;;;;;;;;;;
1.05;202587500;2027;;;;;;;;;;;;;;
1.0525;202590000;2030;;;;;;;;;;;;;;
1.055;202592500;2010;;;;;;;;;;;;;;
1.0575;202595000;2008;;;;;;;;;;;;;;
1.06;202597500;2008;;;;;;;;;;;;;;
1.0625;202600000;2016;;;;;;;;;;;;;;
1.065;202602500;2028;;;;;;;;;;;;;;
1.0675;202605000;2031;;;;;;;;;;;;;;
1.07;202607500;2039;;;;;;;;;;;;;;
1.0725;202610000;2025;;;;;;;;;;;;;;
1.075;202612500;2015;;;;;;;;;;;;;;
1.0775;202615000;2008;;;;;;;;;;;;;;
1.08;202617500;2014;;;;;;;;;;;;;;
1.0825;202620000;2015;;;;;;;;;;;;;;
1.085;202622500;2025;;;;;;;;;;;;;;
1.0875;202625000;2042;;;;;;;;;;;;;;
1.09;202627500;2039;;;;;;;;;;;;;;
1.0925;202630000;2027;;;;;;;;;;;;;;
1.095;202632500;1997;;;;;;;;;;;;;;
1.0975;202635000;2011;;;;;;;;;;;;;;
1.1;202637500;2013;;;;;;;;;;;;;;
1.1025;202640000;2024;;;;;;;;;;;;;;
1.105;202642500;2014;;;;;;;;;;;;;;
1.1075;202645000;2030;;;;;;;;;;;;;;
1.11;202647500;2039;;;;;;;;;;;;;;
1.1125;202650000;2028;;;;;;;;;;;;;;
1.115;202652500;2011;;;;;;;;;;;;;;
1.1175;202655000;1998;;;;;;;;;;;;;;
1.12;202657500;2000;;;;;;;;;;;;;;
1.1225;202660000;2009;;;;;;;;;;;;;;
1.125;202662500;2023;;;;;;;;;;;;;;
1.1275;202665000;2029;;;;;;;;;;;;;;
1.13;202667500;2015;;;;;;;;;;;;;;
1.1325;202670000;2040;;;;;;;;;;;;;;
1.135;202672500;2007;;;;;;;;;;;;;;
1.1375;202675000;1995;;;;;;;;;;;;;;
1.14;202677500;2015;;;;;;;;;;;;;;
1.1425;202680000;2011;;;;;;;;;;;;;;
1.145;202682500;2015;;;;;;;;;;;;;;
1.1475;202685000;2028;;;;;;;;;;;;;;
1.15;202687500;2030;;;;;;;;;;;;;;
1.1525;202690000;2025;;;;;;;;;;;;;;
1.155;202692500;2008;;;;;;;;;;;;;;
1.1575;202695000;1994;;;;;;;;;;;;;;
1.16;202697500;2007;;;;;;;;;;;;;;
1.1625;202700000;1993;;;;;;;;;;;;;;
1.165;202702500;2025;;;;;;;;;;;;;;
1.1675;202705000;2024;;;;;;;;;;;;;;
1.17;202707500;2030;;;;;;;;;;;;;;
1.1725;202710000;2014;;;;;;;;;;;;;;
1.175;202712500;2012;;;;;;;;;;;;;;
1.1775;202715000;2007;;;;;;;;;;;;;;
1.18;202717500;2010;;;;;;;;;;;;;;
1.1825;202720000;2012;;;;;;;;;;;;;;
1.185;202722500;2016;;;;;;;;;;;;;;
1.1875;202725000;2029;;;;;;;;;;;;;;
1.19;202727500;2027;;;;;;;;;;;;;;
1.1925;202730000;2028;;;;;;;;;;;;;;
1.195;202732500;2015;;;;;;;;;;;;;;
1.1975;202735000;2006;;;;;;;;;;;;;;
1.2;202737500;2009;;;;;;;;;;;;;;
1.2025;202740000;2011;;;;;;;;;;;;;;
1.205;202742500;2028;;;;;;;;;;;;;;
1.2075;202745000;2031;;;;;;;;;;;;;;
1.21;202747500;2045;;;;;;;;;;;;;;
1.2125;202750000;2031;;;;;;;;;;;;;;
1.215;202752500;2010;;;;;;;;;;;;;;
1.2175;202755000;2010;;;;;;;;;;;;;;
1.22;202757500;2016;;;;;;;;;;;;;;
1.2225;202760000;2025;;;;;;;;;;;;;;
1.225;202762500;2045;;;;;;;;;;;;;;
1.2275;202765000;2043;;;;;;;;;;;;;;
1.23;202767500;2048;;;;;;;;;;;;;;
1.2325;202770000;2045;;;;;;;;;;;;;;
1.235;202772500;2039;;;;;;;;;;;;;;
1.2375;202775000;2026;;;;;;;;;;;;;;
1.24;202777500;2024;;;;;;;;;;;;;;
1.2425;202780000;2039;;;;;;;;;;;;;;
1.245;202782500;2045;;;;;;;;;;;;;;
1.2475;202785000;2057;;;;;;;;;;;;;;
1.25;202787500;2061;;;;;;;;;;;;;;
1.2525;202790000;2045;;;;;;;;;;;;;;
1.255;202792500;2046;;;;;;;;;;;;;;
1.2575;202795000;2028;;;;;;;;;;;;;;
1.26;202797500;2040;;;;;;;;;;;;;;
1.2625;202800000;2043;;;;;;;;;;;;;;
1.265;202802500;2056;;;;;;;;;;;;;;
1.2675;202805000;2056;;;;;;;;;;;;;;
1.27;202807500;2062;;;;;;;;;;;;;;
1.2725;202810000;2047;;;;;;;;;;;;;;
1.275;202812500;2031;;;;;;;;;;;;;;
1.2775;202815000;2040;;;;;;;;;;;;;;
1.28;202817500;2029;;;;;;;;;;;;;;
1.2825;202820000;2045;;;;;;;;;;;;;;
1.285;202822500;2055;;;;;;;;;;;;;;
1.2875;202825000;2060;;;;;;;;;;;;;;
1.29;202827500;2064;;;;;;;;;;;;;;
1.2925;202830000;2074;;;;;;;;;;;;;;
1.295;202832500;2044;;;;;;;;;;;;;;
1.2975;202835000;2047;;;;;;;;;;;;;;
1.3;202837500;2046;;;;;;;;;;;;;;
1.3025;202840000;2044;;;;;;;;;;;;;;
1.305;202842500;2060;;;;;;;;;;;;;;
1.3075;202845000;2074;;;;;;;;;;;;;;
1.31;202847500;2076;;;;;;;;;;;;;;
1.3125;202850000;2064;;;;;;;;;;;;;;
1.315;202852500;2045;;;;;;;;;;;;;;
1.3175;202855000;2031;;;;;;;;;;;;;;
1.32;202857500;2040;;;;;;;;;;;;;;
1.3225;202860000;2044;;;;;;;;;;;;;;
1.325;202862500;2060;;;;;;;;;;;;;;
1.3275;202865000;2074;;;;;;;;;;;;;;
1.33;202867500;2058;;;;;;;;;;;;;;
1.3325;202870000;2062;;;;;;;;;;;;;;
1.335;202872500;2044;;;;;;;;;;;;;;
1.3375;202875000;2030;;;;;;;;;;;;;;
1.34;202877500;2044;;;;;;;;;;;;;;
1.3425;202880000;2043;;;;;;;;;;;;;;
1.345;202882500;2043;;;;;;;;;;;;;;
1.3475;202885000;2063;;;;;;;;;;;;;;
1.35;202887500;2056;;;;;;;;;;;;;;
1.3525;202890000;2056;;;;;;;;;;;;;;
1.355;202892500;2043;;;;;;;;;;;;;;
1.3575;202895000;2044;;;;;;;;;;;;;;
1.36;202897500;2031;;;;;;;;;;;;;;
1.3625;202900000;2043;;;;;;;;;;;;;;
1.365;202902500;2061;;;;;;;;;;;;;;
1.3675;202905000;2063;;;;;;;;;;;;;;
1.37;202907500;2061;;;;;;;;;;;;;;
1.3725;202910000;2042;;;;;;;;;;;;;;
1.375;202912500;2028;;;;;;;;;;;;;;
1.3775;202915000;2028;;;;;;;;;;;;;;
1.38;202917500;2032;;;;;;;;;;;;;;
1.3825;202920000;2043;;;;;;;;;;;;;;
1.385;202922500;2045;;;;;;;;;;;;;;
1.3875;202925000;2046;;;;;;;;;;;;;;
1.39;202927500;2057;;;;;;;;;;;;;;
1.3925;202930000;2042;;;;;;;;;;;;;;
1.395;202932500;2024;;;;;;;;;;;;;;
1.3975;202935000;2031;;;;;;;;;;;;;;
1.4;202937500;2031;;;;;;;;;;;;;;
1.4025;202940000;2024;;;;;;;;;;;;;;
1.405;202942500;2042;;;;;;;;;;;;;;
1.4075;202945000;2055;;;;;;;;;;;;;;
1.41;202947500;2058;;;;;;;;;;;;;;
1.4125;202950000;2042;;;;;;;;;;;;;;
1.415;202952500;2042;;;;;;;;;;;;;;
1.4175;202955000;2026;;;;;;;;;;;;;;
1.42;202957500;2027;;;;;;;;;;;;;;
1.4225;202960000;2039;;;;;;;;;;;;;;
1.425;202962500;2043;;;;;;;;;;;;;;
1.4275;202965000;2046;;;;;;;;;;;;;;
1.43;202967500;2042;;;;;;;;;;;;;;
1.4325;202970000;2042;;;;;;;;;;;;;;
1.435;202972500;2025;;;;;;;;;;;;;;
1.4375;202975000;2007;;;;;;;;;;;;;;
1.44;202977500;2026;;;;;;;;;;;;;;
1.4425;202980000;2028;;;;;;;;;;;;;;
1.445;202982500;2030;;;;;;;;;;;;;;
1.4475;202985000;2040;;;;;;;;;;;;;;
1.45;202987500;2042;;;;;;;;;;;;;;
1.4525;202990000;2030;;;;;;;;;;;;;;
1.455;202992500;2014;;;;;;;;;;;;;;
1.4575;202995000;2010;;;;;;;;;;;;;;
1.46;202997500;2011;;;;;;;;;;;;;;
1.4625;203000000;2029;;;;;;;;;;;;;;
1.465;203002500;2027;;;;;;;;;;;;;;
1.4675;203005000;2044;;;;;;;;;;;;;;
1.47;203007500;2043;;;;;;;;;;;;;;
1.4725;203010000;2028;;;;;;;;;;;;;;
1.475;203012500;2013;;;;;;;;;;;;;;
1.4775;203015000;2009;;;;;;;;;;;;;;
1.48;203017500;2012;;;;;;;;;;;;;;
1.4825;203020000;2011;;;;;;;;;;;;;;
1.485;203022500;2029;;;;;;;;;;;;;;
1.4875;203025000;2032;;;;;;;;;;;;;;
1.49;203027500;2030;;;;;;;;;;;;;;
1.4925;203030000;2026;;;;;;;;;;;;;;
1.495;203032500;2011;;;;;;;;;;;;;;
1.4975;203035000;1999;;;;;;;;;;;;;;
1.5;203037500;2006;;;;;;;;;;;;;;
1.5025;203040000;2013;;;;;;;;;;;;;;
1.505;203042500;2027;;;;;;;;;;;;;;
1.5075;203045000;2038;;;;;;;;;;;;;;
1.51;203047500;2028;;;;;;;;;;;;;;
1.5125;203050000;2026;;;;;;;;;;;;;;
1.515;203052500;2023;;;;;;;;;;;;;;
1.5175;203055000;2000;;;;;;;;;;;;;;
1.52;203057500;2008;;;;;;;;;;;;;;
1.5225;203060000;2024;;;;;;;;;;;;;;
1.525;203062500;2025;;;;;;;;;;;;;;
1.5275;203065000;2025;;;;;;;;;;;;;;
1.53;203067500;2041;;;;;;;;;;;;;;
1.5325;203070000;2029;;;;;;;;;;;;;;
1.535;203072500;2008;;;;;;;;;;;;;;
1.5375;203075000;2006;;;;;;;;;;;;;;
1.54;203077500;1998;;;;;;;;;;;;;;
1.5425;203080000;2012;;;;;;;;;;;;;;
1.545;203082500;2014;;;;;;;;;;;;;;
1.5475;203085000;2028;;;;;;;;;;;;;;
1.55;203087500;2027;;;;;;;;;;;;;;
1.5525;203090000;2024;;;;;;;;;;;;;;
1.555;203092500;2000;;;;;;;;;;;;;;
1.5575;203095000;2008;;;;;;;;;;;;;;
1.56;203097500;1998;;;;;;;;;;;;;;
1.5625;203100000;2012;;;;;;;;;;;;;;
1.565;203102500;2013;;;;;;;;;;;;;;
1.5675;203105000;2026;;;;;;;;;;;;;;
1.57;203107500;2030;;;;;;;;;;;;;;
1.5725;203110000;2008;;;;;;;;;;;;;;
1.575;203112500;1999;;;;;;;;;;;;;;
1.5775;203115000;1991;;;;;;;;;;;;;;
1.58;203117500;2009;;;;;;;;;;;;;;
1.5825;203120000;2014;;;;;;;;;;;;;;
1.585;203122500;2013;;;;;;;;;;;;;;
1.5875;203125000;2026;;;;;;;;;;;;;;
1.59;203127500;2026;;;;;;;;;;;;;;
1.5925;203130000;2030;;;;;;;;;;;;;;
1.595;203132500;2009;;;;;;;;;;;;;;
1.5975;203135000;1997;;;;;;;;;;;;;;
1.6;203137500;2010;;;;;;;;;;;;;;
1.6025;203140000;2024;;;;;;;;;;;;;;
1.605;203142500;2025;;;;;;;;;;;;;;
1.6075;203145000;2024;;;;;;;;;;;;;;
1.61;203147500;2030;;;;;;;;;;;;;;
1.6125;203150000;2013;;;;;;;;;;;;;;
1.615;203152500;2007;;;;;;;;;;;;;;
1.6175;203155000;1982;;;;;;;;;;;;;;
1.62;203157500;2009;;;;;;;;;;;;;;
1.6225;203160000;2008;;;;;;;;;;;;;;
1.625;203162500;2029;;;;;;;;;;;;;;
1.6275;203165000;2027;;;;;;;;;;;;;;
1.63;203167500;2031;;;;;;;;;;;;;;
1.6325;203170000;2014;;;;;;;;;;;;;;
1.635;203172500;1999;;;;;;;;;;;;;;
1.6375;203175000;2010;;;;;;;;;;;;;;
1.64;203177500;2014;;;;;;;;;;;;;;
1.6425;203180000;2012;;;;;;;;;;;;;;
1.645;203182500;2014;;;;;;;;;;;;;;
1.6475;203185000;2027;;;;;;;;;;;;;;
1.65;203187500;2040;;;;;;;;;;;;;;
1.6525;203190000;2010;;;;;;;;;;;;;;
1.655;203192500;1997;;;;;;;;;;;;;;
1.6575;203195000;1998;;;;;;;;;;;;;;
1.66;203197500;2009;;;;;;;;;;;;;;
1.6625;203200000;2009;;;;;;;;;;;;;;
1.665;203202500;2027;;;;;;;;;;;;;;
1.6675;203205000;2028;;;;;;;;;;;;;;
1.67;203207500;2027;;;;;;;;;;;;;;
1.6725;203210000;2027;;;;;;;;;;;;;;
1.675;203212500;2012;;;;;;;;;;;;;;
1.6775;203215000;2010;;;;;;;;;;;;;;
1.68;203217500;2011;;;;;;;;;;;;;;
1.6825;203220000;2015;;;;;;;;;;;;;;
1.685;203222500;2027;;;;;;;;;;;;;;
1.6875;203225000;2031;;;;;;;;;;;;;;
1.69;203227500;2041;;;;;;;;;;;;;;
1.6925;203230000;2027;;;;;;;;;;;;;;
1.695;203232500;2024;;;;;;;;;;;;;;
1.6975;203235000;1998;;;;;;;;;;;;;;
1.7;203237500;1996;;;;;;;;;;;;;;
1.7025;203240000;2014;;;;;;;;;;;;;;
1.705;203242500;2025;;;;;;;;;;;;;;
1.7075;203245000;2038;;;;;;;;;;;;;;
1.71;203247500;2040;;;;;;;;;;;;;;
1.7125;203250000;2025;;;;;;;;;;;;;;
1.715;203252500;2013;;;;;;;;;;;;;;
1.7175;203255000;2010;;;;;;;;;;;;;;
1.72;203257500;1997;;;;;;;;;;;;;;
1.7225;203260000;2009;;;;;;;;;;;;;;
1.725;203262500;2026;;;;;;;;;;;;;;
1.7275;203265000;2030;;;;;;;;;;;;;;
1.73;203267500;2030;;;;;;;;;;;;;;
1.7325;203270000;2025;;;;;;;;;;;;;;
1.735;203272500;2010;;;;;;;;;;;;;;
1.7375;203275000;2011;;;;;;;;;;;;;;
1.74;203277500;2011;;;;;;;;;;;;;;
1.7425;203280000;2015;;;;;;;;;;;;;;
1.745;203282500;2025;;;;;;;;;;;;;;
1.7475;203285000;2027;;;;;;;;;;;;;;
1.75;203287500;2040;;;;;;;;;;;;;;
1.7525;203290000;2026;;;;;;;;;;;;;;
1.755;203292500;2012;;;;;;;;;;;;;;
1.7575;203295000;2010;;;;;;;;;;;;;;
1.76;203297500;2013;;;;;;;;;;;;;;
1.7625;203300000;2012;;;;;;;;;;;;;;
1.765;203302500;2009;;;;;;;;;;;;;;
1.7675;203305000;2031;;;;;;;;;;;;;;
1.77;203307500;2029;;;;;;;;;;;;;;
1.7725;203310000;2014;;;;;;;;;;;;;;
1.775;203312500;2013;;;;;;;;;;;;;;
1.7775;203315000;2008;;;;;;;;;;;;;;
1.78;203317500;2013;;;;;;;;;;;;;;
1.7825;203320000;2015;;;;;;;;;;;;;;
1.785;203322500;2025;;;;;;;;;;;;;;
1.7875;203325000;2029;;;;;;;;;;;;;;
1.79;203327500;2032;;;;;;;;;;;;;;
1.7925;203330000;2029;;;;;;;;;;;;;;
1.795;203332500;2009;;;;;;;;;;;;;;
1.7975;203335000;1996;;;;;;;;;;;;;;
1.8;203337500;1997;;;;;;;;;;;;;;
1.8025;203340000;2026;;;;;;;;;;;;;;
1.805;203342500;2026;;;;;;;;;;;;;;
1.8075;203345000;2026;;;;;;;;;;;;;;
1.81;203347500;2041;;;;;;;;;;;;;;
1.8125;203350000;2029;;;;;;;;;;;;;;
1.815;203352500;2011;;;;;;;;;;;;;;
1.8175;203355000;1999;;;;;;;;;;;;;;
1.82;203357500;2008;;;;;;;;;;;;;;
1.8225;203360000;2012;;;;;;;;;;;;;;
1.825;203362500;2029;;;;;;;;;;;;;;
1.8275;203365000;2028;;;;;;;;;;;;;;
1.83;203367500;2030;;;;;;;;;;;;;;
1.8325;203370000;2014;;;;;;;;;;;;;;
1.835;203372500;2015;;;;;;;;;;;;;;
1.8375;203375000;2010;;;;;;;;;;;;;;
1.84;203377500;2012;;;;;;;;;;;;;;
1.8425;203380000;2008;;;;;;;;;;;;;;
1.845;203382500;2029;;;;;;;;;;;;;;
1.8475;203385000;2028;;;;;;;;;;;;;;
1.85;203387500;2040;;;;;;;;;;;;;;
1.8525;203390000;2045;;;;;;;;;;;;;;
1.855;203392500;1997;;;;;;;;;;;;;;
1.8575;203395000;2015;;;;;;;;;;;;;;
1.86;203397500;1995;;;;;;;;;;;;;;
1.8625;203400000;2028;;;;;;;;;;;;;;
1.865;203402500;2027;;;;;;;;;;;;;;
1.8675;203405000;2031;;;;;;;;;;;;;;
1.87;203407500;2039;;;;;;;;;;;;;;
1.8725;203410000;2030;;;;;;;;;;;;;;
1.875;203412500;2009;;;;;;;;;;;;;;
1.8775;203415000;2010;;;;;;;;;;;;;;
1.88;203417500;2011;;;;;;;;;;;;;;
1.8825;203420000;2027;;;;;;;;;;;;;;
1.885;203422500;2025;;;;;;;;;;;;;;
1.8875;203425000;2030;;;;;;;;;;;;;;
1.89;203427500;2040;;;;;;;;;;;;;;
1.8925;203430000;2027;;;;;;;;;;;;;;
1.895;203432500;2007;;;;;;;;;;;;;;
1.8975;203435000;1997;;;;;;;;;;;;;;
1.9;203437500;2011;;;;;;;;;;;;;;
1.9025;203440000;2027;;;;;;;;;;;;;;
1.905;203442500;2024;;;;;;;;;;;;;;
1.9075;203445000;2042;;;;;;;;;;;;;;
1.91;203447500;2031;;;;;;;;;;;;;;
1.9125;203450000;2024;;;;;;;;;;;;;;
1.915;203452500;2014;;;;;;;;;;;;;;
1.9175;203455000;2007;;;;;;;;;;;;;;
1.92;203457500;2010;;;;;;;;;;;;;;
1.9225;203460000;2024;;;;;;;;;;;;;;
1.925;203462500;2025;;;;;;;;;;;;;;
1.9275;203465000;2040;;;;;;;;;;;;;;
1.93;203467500;2031;;;;;;;;;;;;;;
1.9325;203470000;2028;;;;;;;;;;;;;;
1.935;203472500;2013;;;;;;;;;;;;;;
1.9375;203475000;2011;;;;;;;;;;;;;;
1.94;203477500;2011;;;;;;;;;;;;;;
1.9425;203480000;2022;;;;;;;;;;;;;;
1.945;203482500;2030;;;;;;;;;;;;;;
1.9475;203485000;2030;;;;;;;;;;;;;;
1.95;203487500;2023;;;;;;;;;;;;;;
1.9525;203490000;2012;;;;;;;;;;;;;;
1.955;203492500;2010;;;;;;;;;;;;;;
1.9575;203495000;2008;;;;;;;;;;;;;;
1.96;203497500;2010;;;;;;;;;;;;;;
1.9625;203500000;2024;;;;;;;;;;;;;;
1.965;203502500;2026;;;;;;;;;;;;;;
1.9675;203505000;2042;;;;;;;;;;;;;;
1.97;203507500;2029;;;;;;;;;;;;;;
1.9725;203510000;2024;;;;;;;;;;;;;;
1.975;203512500;2009;;;;;;;;;;;;;;
1.9775;203515000;2010;;;;;;;;;;;;;;
1.98;203517500;2009;;;;;;;;;;;;;;
1.9825;203520000;2011;;;;;;;;;;;;;;
1.985;203522500;2031;;;;;;;;;;;;;;
1.9875;203525000;2041;;;;;;;;;;;;;;
1.99;203527500;2029;;;;;;;;;;;;;;
1.9925;203530000;2014;;;;;;;;;;;;;;
1.995;203532500;2011;;;;;;;;;;;;;;
1.9975;203535000;1997;;;;;;;;;;;;;;
2.0;203537500;1997;;;;;;;;;;;;;;
2.0025;203540000;2022;;;;;;;;;;;;;;
2.005;203542500;2016;;;;;;;;;;;;;;
2.0075;203545000;2027;;;;;;;;;;;;;;
2.01;203547500;2026;;;;;;;;;;;;;;
2.0125;203550000;2024;;;;;;;;;;;;;;
2.015;203552500;2009;;;;;;;;;;;;;;
2.0175;203555000;2010;;;;;;;;;;;;;;
2.02;203557500;2000;;;;;;;;;;;;;;
2.0225;203560000;2014;;;;;;;;;;;;;;
2.025;203562500;2026;;;;;;;;;;;;;;
2.0275;203565000;2029;;;;;;;;;;;;;;
2.03;203567500;2031;;;;;;;;;;;;;;
2.0325;203570000;2011;;;;;;;;;;;;;;
2.035;203572500;2010;;;;;;;;;;;;;;
2.0375;203575000;2011;;;;;;;;;;;;;;
2.04;203577500;2009;;;;;;;;;;;;;;
2.0425;203580000;2026;;;;;;;;;;;;;;
2.045;203582500;2027;;;;;;;;;;;;;;
2.0475;203585000;2029;;;;;;;;;;;;;;
2.05;203587500;2031;;;;;;;;;;;;;;
2.0525;203590000;2025;;;;;;;;;;;;;;
2.055;203592500;2012;;;;;;;;;;;;;;
2.0575;203595000;2008;;;;;;;;;;;;;;
2.06;203597500;2007;;;;;;;;;;;;;;
2.0625;203600000;2024;;;;;;;;;;;;;;
2.065;203602500;2026;;;;;;;;;;;;;;
2.0675;203605000;2031;;;;;;;;;;;;;;
2.07;203607500;2040;;;;;;;;;;;;;;
2.0725;203610000;2016;;;;;;;;;;;;;;
2.075;203612500;2008;;;;;;;;;;;;;;
2.0775;203615000;1998;;;;;;;;;;;;;;
2.08;203617500;2012;;;;;;;;;;;;;;
2.0825;203620000;2023;;;;;;;;;;;;;;
2.085;203622500;2030;;;;;;;;;;;;;;
2.0875;203625000;2039;;;;;;;;;;;;;;
2.09;203627500;2027;;;;;;;;;;;;;;
2.0925;203630000;2025;;;;;;;;;;;;;;
2.095;203632500;2010;;;;;;;;;;;;;;
2.0975;203635000;2010;;;;;;;;;;;;;;
2.1;203637500;2008;;;;;;;;;;;;;;
2.1025;203640000;2025;;;;;;;;;;;;;;
2.105;203642500;2025;;;;;;;;;;;;;;
2.1075;203645000;2029;;;;;;;;;;;;;;
2.11;203647500;2039;;;;;;;;;;;;;;
2.1125;203650000;2024;;;;;;;;;;;;;;
2.115;203652500;2015;;;;;;;;;;;;;;
2.1175;203655000;2008;;;;;;;;;;;;;;
2.12;203657500;2007;;;;;;;;;;;;;;
2.1225;203660000;2027;;;;;;;;;;;;;;
2.125;203662500;2075;;;;;;;;;;;;;;
2.1275;203665000;2028;;;;;;;;;;;;;;
2.13;203667500;2030;;;;;;;;;;;;;;
2.1325;203670000;2027;;;;;;;;;;;;;;
2.135;203672500;2000;;;;;;;;;;;;;;
2.1375;203675000;1995;;;;;;;;;;;;;;
2.14;203677500;2008;;;;;;;;;;;;;;
2.1425;203680000;2014;;;;;;;;;;;;;;
2.145;203682500;2031;;;;;;;;;;;;;;
2.1475;203685000;2040;;;;;;;;;;;;;;
2.15;203687500;2029;;;;;;;;;;;;;;
2.1525;203690000;2027;;;;;;;;;;;;;;
2.155;203692500;2013;;;;;;;;;;;;;;
2.1575;203695000;1999;;;;;;;;;;;;;;
2.16;203697500;2011;;;;;;;;;;;;;;
2.1625;203700000;2014;;;;;;;;;;;;;;
2.165;203702500;2024;;;;;;;;;;;;;;
2.1675;203705000;2023;;;;;;;;;;;;;;
2.17;203707500;2042;;;;;;;;;;;;;;
2.1725;203710000;2027;;;;;;;;;;;;;;
2.175;203712500;2015;;;;;;;;;;;;;;
2.1775;203715000;2008;;;;;;;;;;;;;;
2.18;203717500;1998;;;;;;;;;;;;;;
2.1825;203720000;2026;;;;;;;;;;;;;;
2.185;203722500;2030;;;;;;;;;;;;;;
2.1875;203725000;2032;;;;;;;;;;;;;;
2.19;203727500;2040;;;;;;;;;;;;;;
2.1925;203730000;2024;;;;;;;;;;;;;;
2.195;203732500;2013;;;;;;;;;;;;;;
2.1975;203735000;1999;;;;;;;;;;;;;;
2.2;203737500;1998;;;;;;;;;;;;;;
2.2025;203740000;2015;;;;;;;;;;;;;;
2.205;203742500;2011;;;;;;;;;;;;;;
2.2075;203745000;2040;;;;;;;;;;;;;;
2.21;203747500;2030;;;;;;;;;;;;;;
2.2125;203750000;2027;;;;;;;;;;;;;;
2.215;203752500;2013;;;;;;;;;;;;;;
2.2175;203755000;2008;;;;;;;;;;;;;;
2.22;203757500;2012;;;;;;;;;;;;;;
2.2225;203760000;2014;;;;;;;;;;;;;;
2.225;203762500;2032;;;;;;;;;;;;;;
2.2275;203765000;2042;;;;;;;;;;;;;;
2.23;203767500;2025;;;;;;;;;;;;;;
2.2325;203770000;2014;;;;;;;;;;;;;;
2.235;203772500;1995;;;;;;;;;;;;;;
2.2375;203775000;2006;;;;;;;;;;;;;;
2.24;203777500;2008;;;;;;;;;;;;;;
2.2425;203780000;2012;;;;;;;;;;;;;;
2.245;203782500;2014;;;;;;;;;;;;;;
2.2475;203785000;2026;;;;;;;;;;;;;;
2.25;203787500;2007;;;;;;;;;;;;;;
2.2525;203790000;2009;;;;;;;;;;;;;;
2.255;203792500;2007;;;;;;;;;;;;;;
2.2575;203795000;1981;;;;;;;;;;;;;;
2.26;203797500;2011;;;;;;;;;;;;;;
2.2625;203800000;1993;;;;;;;;;;;;;;
2.265;203802500;2015;;;;;;;;;;;;;;
2.2675;203805000;2023;;;;;;;;;;;;;;
2.27;203807500;2014;;;;;;;;;;;;;;
2.2725;203810000;2010;;;;;;;;;;;;;;
2.275;203812500;2007;;;;;;;;;;;;;;
2.2775;203815000;1993;;;;;;;;;;;;;;
2.28;203817500;2000;;;;;;;;;;;;;;
2.2825;203820000;2013;;;;;;;;;;;;;;
2.285;203822500;2024;;;;;;;;;;;;;;
2.2875;203825000;2026;;;;;;;;;;;;;;
2.29;203827500;2026;;;;;;;;;;;;;;
2.2925;203830000;2015;;;;;;;;;;;;;;
2.295;203832500;2010;;;;;;;;;;;;;;
2.2975;203835000;1999;;;;;;;;;;;;;;
2.3;203837500;2008;;;;;;;;;;;;;;
2.3025;203840000;2016;;;;;;;;;;;;;;
2.305;203842500;2028;;;;;;;;;;;;;;
2.3075;203845000;2030;;;;;;;;;;;;;;
2.31;203847500;2043;;;;;;;;;;;;;;
2.3125;203850000;2023;;;;;;;;;;;;;;
2.315;203852500;2023;;;;;;;;;;;;;;
2.3175;203855000;1999;;;;;;;;;;;;;;
2.32;203857500;2012;;;;;;;;;;;;;;
2.3225;203860000;2028;;;;;;;;;;;;;;
2.325;203862500;2030;;;;;;;;;;;;;;
2.3275;203865000;2040;;;;;;;;;;;;;;
2.33;203867500;2043;;;;;;;;;;;;;;
2.3325;203870000;2025;;;;;;;;;;;;;;
2.335;203872500;2014;;;;;;;;;;;;;;
2.3375;203875000;2011;;;;;;;;;;;;;;
2.34;203877500;2024;;;;;;;;;;;;;;
2.3425;203880000;2027;;;;;;;;;;;;;;
2.345;203882500;2029;;;;;;;;;;;;;;
2.3475;203885000;2042;;;;;;;;;;;;;;
2.35;203887500;2040;;;;;;;;;;;;;;
2.3525;203890000;2040;;;;;;;;;;;;;;
2.355;203892500;2012;;;;;;;;;;;;;;
2.3575;203895000;2012;;;;;;;;;;;;;;
2.36;203897500;2015;;;;;;;;;;;;;;
2.3625;203900000;2028;;;;;;;;;;;;;;
2.365;203902500;2026;;;;;;;;;;;;;;
2.3675;203905000;2030;;;;;;;;;;;;;;
2.37;203907500;2040;;;;;;;;;;;;;;
2.3725;203910000;2030;;;;;;;;;;;;;;
2.375;203912500;2012;;;;;;;;;;;;;;
2.3775;203915000;2009;;;;;;;;;;;;;;
2.38;203917500;2015;;;;;;;;;;;;;;
2.3825;203920000;2016;;;;;;;;;;;;;;
2.385;203922500;2031;;;;;;;;;;;;;;
2.3875;203925000;2031;;;;;;;;;;;;;;
2.39;203927500;2031;;;;;;;;;;;;;;
2.3925;203930000;2027;;;;;;;;;;;;;;
2.395;203932500;2013;;;;;;;;;;;;;;
2.3975;203935000;2009;;;;;;;;;;;;;;
2.4;203937500;2012;;;;;;;;;;;;;;
2.4025;203940000;2029;;;;;;;;;;;;;;
2.405;203942500;2016;;;;;;;;;;;;;;
2.4075;203945000;2040;;;;;;;;;;;;;;
2.41;203947500;2030;;;;;;;;;;;;;;
2.4125;203950000;2025;;;;;;;;;;;;;;
2.415;203952500;2013;;;;;;;;;;;;;;
2.4175;203955000;2011;;;;;;;;;;;;;;
2.42;203957500;2012;;;;;;;;;;;;;;
2.4225;203960000;2015;;;;;;;;;;;;;;
2.425;203962500;2028;;;;;;;;;;;;;;
2.4275;203965000;2043;;;;;;;;;;;;;;
2.43;203967500;2029;;;;;;;;;;;;;;
2.4325;203970000;2024;;;;;;;;;;;;;;
2.435;203972500;2028;;;;;;;;;;;;;;
2.4375;203975000;2009;;;;;;;;;;;;;;
2.44;203977500;2015;;;;;;;;;;;;;;
2.4425;203980000;2026;;;;;;;;;;;;;;
2.445;203982500;2030;;;;;;;;;;;;;;
2.4475;203985000;2042;;;;;;;;;;;;;;
2.45;203987500;2040;;;;;;;;;;;;;;
2.4525;203990000;2028;;;;;;;;;;;;;;
2.455;203992500;2010;;;;;;;;;;;;;;
2.4575;203995000;2008;;;;;;;;;;;;;;
2.46;203997500;2010;;;;;;;;;;;;;;
2.4625;204000000;2016;;;;;;;;;;;;;;
2.465;204002500;2026;;;;;;;;;;;;;;
2.4675;204005000;2030;;;;;;;;;;;;;;
2.47;204007500;2040;;;;;;;;;;;;;;
2.4725;204010000;2024;;;;;;;;;;;;;;
2.475;204012500;2009;;;;;;;;;;;;;;
2.4775;204015000;2008;;;;;;;;;;;;;;
2.48;204017500;2012;;;;;;;;;;;;;;
2.4825;204020000;2025;;;;;;;;;;;;;;
2.485;204022500;2045;;;;;;;;;;;;;;
2.4875;204025000;2030;;;;;;;;;;;;;;
2.49;204027500;2030;;;;;;;;;;;;;;
2.4925;204030000;2025;;;;;;;;;;;;;;
2.495;204032500;2011;;;;;;;;;;;;;;
2.4975;204035000;2011;;;;;;;;;;;;;;
2.5;204037500;2012;;;;;;;;;;;;;;
2.5025;204040000;2016;;;;;;;;;;;;;;
2.505;204042500;2028;;;;;;;;;;;;;;
2.5075;204045000;2028;;;;;;;;;;;;;;
2.51;204047500;2028;;;;;;;;;;;;;;
2.5125;204050000;2015;;;;;;;;;;;;;;
2.515;204052500;2015;;;;;;;;;;;;;;
2.5175;204055000;1993;;;;;;;;;;;;;;
2.52;204057500;2009;;;;;;;;;;;;;;
2.5225;204060000;2011;;;;;;;;;;;;;;
2.525;204062500;2041;;;;;;;;;;;;;;
2.5275;204065000;2041;;;;;;;;;;;;;;
2.53;204067500;2026;;;;;;;;;;;;;;
2.5325;204070000;2025;;;;;;;;;;;;;;
2.535;204072500;2014;;;;;;;;;;;;;;
2.5375;204075000;2010;;;;;;;;;;;;;;
2.54;204077500;2009;;;;;;;;;;;;;;
2.5425;204080000;2014;;;;;;;;;;;;;;
2.545;204082500;2031;;;;;;;;;;;;;;
2.5475;204085000;2031;;;;;;;;;;;;;;
2.55;204087500;2030;;;;;;;;;;;;;;
2.5525;204090000;2027;;;;;;;;;;;;;;
2.555;204092500;2009;;;;;;;;;;;;;;
2.5575;204095000;2009;;;;;;;;;;;;;;
2.56;204097500;2011;;;;;;;;;;;;;;
2.5625;204100000;2024;;;;;;;;;;;;;;
2.565;204102500;2029;;;;;;;;;;;;;;
2.5675;204105000;2024;;;;;;;;;;;;;;
2.57;204107500;2043;;;;;;;;;;;;;;
2.5725;204110000;2027;;;;;;;;;;;;;;
2.575;204112500;2009;;;;;;;;;;;;;;
2.5775;204115000;2009;;;;;;;;;;;;;;
2.58;204117500;2008;;;;;;;;;;;;;;
2.5825;204120000;2025;;;;;;;;;;;;;;
2.585;204122500;2024;;;;;;;;;;;;;;
2.5875;204125000;2024;;;;;;;;;;;;;;
2.59;204127500;2028;;;;;;;;;;;;;;
2.5925;204130000;2012;;;;;;;;;;;;;;
2.595;204132500;2010;;;;;;;;;;;;;;
2.5975;204135000;1997;;;;;;;;;;;;;;
2.6;204137500;2008;;;;;;;;;;;;;;
2.6025;204140000;2013;;;;;;;;;;;;;;
2.605;204142500;2027;;;;;;;;;;;;;;
2.6075;204145000;2025;;;;;;;;;;;;;;
2.61;204147500;2038;;;;;;;;;;;;;;
2.6125;204150000;2016;;;;;;;;;;;;;;
2.615;204152500;2010;;;;;;;;;;;;;;
2.6175;204155000;1998;;;;;;;;;;;;;;
2.62;204157500;2010;;;;;;;;;;;;;;
2.6225;204160000;2024;;;;;;;;;;;;;;
2.625;204162500;2027;;;;;;;;;;;;;;
2.6275;204165000;2039;;;;;;;;;;;;;;
2.63;204167500;2029;;;;;;;;;;;;;;
2.6325;204170000;2027;;;;;;;;;;;;;;
2.635;204172500;2008;;;;;;;;;;;;;;
2.6375;204175000;2008;;;;;;;;;;;;;;
2.64;204177500;2009;;;;;;;;;;;;;;
2.6425;204180000;2015;;;;;;;;;;;;;;
2.645;204182500;2028;;;;;;;;;;;;;;
2.6475;204185000;2029;;;;;;;;;;;;;;
2.65;204187500;2009;;;;;;;;;;;;;;
2.6525;204190000;2028;;;;;;;;;;;;;;
2.655;204192500;2008;;;;;;;;;;;;;;
2.6575;204195000;2010;;;;;;;;;;;;;;
2.66;204197500;2010;;;;;;;;;;;;;;
2.6625;204200000;2010;;;;;;;;;;;;;;
2.665;204202500;2014;;;;;;;;;;;;;;
2.6675;204205000;2030;;;;;;;;;;;;;;
2.67;204207500;2031;;;;;;;;;;;;;;
2.6725;204210000;2011;;;;;;;;;;;;;;
2.675;204212500;1998;;;;;;;;;;;;;;
2.6775;204215000;1998;;;;;;;;;;;;;;
2.68;204217500;2010;;;;;;;;;;;;;;
2.6825;204220000;2014;;;;;;;;;;;;;;
2.685;204222500;2008;;;;;;;;;;;;;;
2.6875;204225000;2029;;;;;;;;;;;;;;
2.69;204227500;2023;;;;;;;;;;;;;;
2.6925;204230000;2015;;;;;;;;;;;;;;
2.695;204232500;1995;;;;;;;;;;;;;;
2.6975;204235000;1994;;;;;;;;;;;;;;
2.7;204237500;2013;;;;;;;;;;;;;;
2.7025;204240000;2016;;;;;;;;;;;;;;
2.705;204242500;2027;;;;;;;;;;;;;;
2.7075;204245000;2024;;;;;;;;;;;;;;
2.71;204247500;2030;;;;;;;;;;;;;;
2.7125;204250000;2013;;;;;;;;;;;;;;
2.715;204252500;2010;;;;;;;;;;;;;;
2.7175;204255000;1996;;;;;;;;;;;;;;
2.72;204257500;2008;;;;;;;;;;;;;;
2.7225;204260000;2012;;;;;;;;;;;;;;
2.725;204262500;2026;;;;;;;;;;;;;;
2.7275;204265000;2027;;;;;;;;;;;;;;
2.73;204267500;2027;;;;;;;;;;;;;;
2.7325;204270000;2013;;;;;;;;;;;;;;
2.735;204272500;1994;;;;;;;;;;;;;;
2.7375;204275000;2008;;;;;;;;;;;;;;
2.74;204277500;2013;;;;;;;;;;;;;;
2.7425;204280000;2000;;;;;;;;;;;;;;
2.745;204282500;2026;;;;;;;;;;;;;;
2.7475;204285000;2025;;;;;;;;;;;;;;
2.75;204287500;2031;;;;;;;;;;;;;;
2.7525;204290000;2040;;;;;;;;;;;;;;
2.755;204292500;2007;;;;;;;;;;;;;;
2.7575;204295000;2009;;;;;;;;;;;;;;
2.76;204297500;2009;;;;;;;;;;;;;;
2.7625;204300000;2011;;;;;;;;;;;;;;
2.765;204302500;2024;;;;;;;;;;;;;;
2.7675;204305000;2027;;;;;;;;;;;;;;
2.77;204307500;2024;;;;;;;;;;;;;;
2.7725;204310000;2016;;;;;;;;;;;;;;
2.775;204312500;2008;;;;;;;;;;;;;;
2.7775;204315000;1998;;;;;;;;;;;;;;
2.78;204317500;1999;;;;;;;;;;;;;;
2.7825;204320000;2010;;;;;;;;;;;;;;
2.785;204322500;2024;;;;;;;;;;;;;;
2.7875;204325000;2030;;;;;;;;;;;;;;
2.79;204327500;2031;;;;;;;;;;;;;;
2.7925;204330000;2014;;;;;;;;;;;;;;
2.795;204332500;1998;;;;;;;;;;;;;;
2.7975;204335000;1994;;;;;;;;;;;;;;
2.8;204337500;2010;;;;;;;;;;;;;;
2.8025;204340000;2016;;;;;;;;;;;;;;
2.805;204342500;2014;;;;;;;;;;;;;;
2.8075;204345000;2027;;;;;;;;;;;;;;
2.81;204347500;2030;;;;;;;;;;;;;;
2.8125;204350000;2013;;;;;;;;;;;;;;
2.815;204352500;2007;;;;;;;;;;;;;;
2.8175;204355000;1993;;;;;;;;;;;;;;
2.82;204357500;2013;;;;;;;;;;;;;;
2.8225;204360000;2014;;;;;;;;;;;;;;
2.825;204362500;2027;;;;;;;;;;;;;;
2.8275;204365000;2028;;;;;;;;;;;;;;
2.83;204367500;2025;;;;;;;;;;;;;;
2.8325;204370000;2023;;;;;;;;;;;;;;
2.835;204372500;1997;;;;;;;;;;;;;;
2.8375;204375000;2008;;;;;;;;;;;;;;
2.84;204377500;1998;;;;;;;;;;;;;;
2.8425;204380000;2014;;;;;;;;;;;;;;
2.845;204382500;2028;;;;;;;;;;;;;;
2.8475;204385000;2027;;;;;;;;;;;;;;
2.85;204387500;2025;;;;;;;;;;;;;;
2.8525;204390000;2012;;;;;;;;;;;;;;
2.855;204392500;2007;;;;;;;;;;;;;;
2.8575;204395000;1998;;;;;;;;;;;;;;
2.86;204397500;1998;;;;;;;;;;;;;;
2.8625;204400000;2014;;;;;;;;;;;;;;
2.865;204402500;2027;;;;;;;;;;;;;;
2.8675;204405000;2025;;;;;;;;;;;;;;
2.87;204407500;2024;;;;;;;;;;;;;;
2.8725;204410000;2013;;;;;;;;;;;;;;
2.875;204412500;2012;;;;;;;;;;;;;;
2.8775;204415000;1998;;;;;;;;;;;;;;
2.88;204417500;2011;;;;;;;;;;;;;;
2.8825;204420000;2023;;;;;;;;;;;;;;
2.885;204422500;2022;;;;;;;;;;;;;;
2.8875;204425000;2040;;;;;;;;;;;;;;
2.89;204427500;2027;;;;;;;;;;;;;;
2.8925;204430000;2016;;;;;;;;;;;;;;
2.895;204432500;1983;;;;;;;;;;;;;;
2.8975;204435000;2009;;;;;;;;;;;;;;
2.9;204437500;1998;;;;;;;;;;;;;;
2.9025;204440000;2012;;;;;;;;;;;;;;
2.905;204442500;2015;;;;;;;;;;;;;;
2.9075;204445000;2042;;;;;;;;;;;;;;
2.91;204447500;2024;;;;;;;;;;;;;;
2.9125;204450000;2014;;;;;;;;;;;;;;
2.915;204452500;1997;;;;;;;;;;;;;;
2.9175;204455000;1998;;;;;;;;;;;;;;
2.92;204457500;1993;;;;;;;;;;;;;;
2.9225;204460000;2007;;;;;;;;;;;;;;
2.925;204462500;2027;;;;;;;;;;;;;;
2.9275;204465000;2025;;;;;;;;;;;;;;
2.93;204467500;2030;;;;;;;;;;;;;;
2.9325;204470000;2014;;;;;;;;;;;;;;
2.935;204472500;2009;;;;;;;;;;;;;;
2.9375;204475000;1998;;;;;;;;;;;;;;
2.94;204477500;2011;;;;;;;;;;;;;;
2.9425;204480000;2012;;;;;;;;;;;;;;
2.945;204482500;2024;;;;;;;;;;;;;;
2.9475;204485000;2027;;;;;;;;;;;;;;
2.95;204487500;2028;;;;;;;;;;;;;;
2.9525;204490000;2014;;;;;;;;;;;;;;
2.955;204492500;1997;;;;;;;;;;;;;;
2.9575;204495000;1994;;;;;;;;;;;;;;
2.96;204497500;1998;;;;;;;;;;;;;;
2.9625;204500000;2011;;;;;;;;;;;;;;
2.965;204502500;2030;;;;;;;;;;;;;;
2.9675;204505000;2026;;;;;;;;;;;;;;
2.97;204507500;2029;;;;;;;;;;;;;;
2.9725;204510000;2014;;;;;;;;;;;;;;
2.975;204512500;1999;;;;;;;;;;;;;;
2.9775;204515000;2007;;;;;;;;;;;;;;
2.98;204517500;2008;;;;;;;;;;;;;;
2.9825;204520000;2012;;;;;;;;;;;;;;
2.985;204522500;2027;;;;;;;;;;;;;;
2.9875;204525000;2024;;;;;;;;;;;;;;
2.99;204527500;2029;;;;;;;;;;;;;;
2.9925;204530000;2013;;;;;;;;;;;;;;
2.995;204532500;1994;;;;;;;;;;;;;;
2.9975;204535000;2007;;;;;;;;;;;;;;
3.0;204537500;2009;;;;;;;;;;;;;;
3.0025;204540000;2027;;;;;;;;;;;;;;
3.005;204542500;2028;;;;;;;;;;;;;;
3.0075;204545000;2029;;;;;;;;;;;;;;
3.01;204547500;2031;;;;;;;;;;;;;;
3.0125;204550000;2012;;;;;;;;;;;;;;
3.015;204552500;2009;;;;;;;;;;;;;;
3.0175;204555000;1997;;;;;;;;;;;;;;
3.02;204557500;2008;;;;;;;;;;;;;;
3.0225;204560000;2012;;;;;;;;;;;;;;
3.025;204562500;2013;;;;;;;;;;;;;;
3.0275;204565000;2028;;;;;;;;;;;;;;
3.03;204567500;2026;;;;;;;;;;;;;;
3.0325;204570000;2012;;;;;;;;;;;;;;
3.035;204572500;1997;;;;;;;;;;;;;;
3.0375;204575000;1996;;;;;;;;;;;;;;
3.04;204577500;2014;;;;;;;;;;;;;;
3.0425;204580000;2014;;;;;;;;;;;;;;
3.045;204582500;2027;;;;;;;;;;;;;;
3.0475;204585000;2032;;;;;;;;;;;;;;
3.05;204587500;2027;;;;;;;;;;;;;;
3.0525;204590000;2025;;;;;;;;;;;;;;
3.055;204592500;2011;;;;;;;;;;;;;;
3.0575;204595000;1998;;;;;;;;;;;;;;
3.06;204597500;2012;;;;;;;;;;;;;;
3.0625;204600000;2013;;;;;;;;;;;;;;
3.065;204602500;2026;;;;;;;;;;;;;;
3.0675;204605000;2026;;;;;;;;;;;;;;
3.07;204607500;2032;;;;;;;;;;;;;;
3.0725;204610000;2012;;;;;;;;;;;;;;
3.075;204612500;1996;;;;;;;;;;;;;;
3.0775;204615000;1998;;;;;;;;;;;;;;
3.08;204617500;2009;;;;;;;;;;;;;;
3.0825;204620000;2009;;;;;;;;;;;;;;
3.085;204622500;2030;;;;;;;;;;;;;;
3.0875;204625000;2030;;;;;;;;;;;;;;
3.09;204627500;2026;;;;;;;;;;;;;;
3.0925;204630000;2014;;;;;;;;;;;;;;
3.095;204632500;2008;;;;;;;;;;;;;;
3.0975;204635000;1994;;;;;;;;;;;;;;
3.1;204637500;2014;;;;;;;;;;;;;;
3.1025;204640000;2015;;;;;;;;;;;;;;
3.105;204642500;2029;;;;;;;;;;;;;;
3.1075;204645000;2029;;;;;;;;;;;;;;
3.11;204647500;2024;;;;;;;;;;;;;;
3.1125;204650000;2016;;;;;;;;;;;;;;
3.115;204652500;1999;;;;;;;;;;;;;;
3.1175;204655000;2009;;;;;;;;;;;;;;
3.12;204657500;1999;;;;;;;;;;;;;;
3.1225;204660000;2013;;;;;;;;;;;;;;
3.125;204662500;2013;;;;;;;;;;;;;;
3.1275;204665000;2026;;;;;;;;;;;;;;
3.13;204667500;2024;;;;;;;;;;;;;;
3.1325;204670000;2022;;;;;;;;;;;;;;
3.135;204672500;2012;;;;;;;;;;;;;;
3.1375;204675000;2007;;;;;;;;;;;;;;
3.14;204677500;1999;;;;;;;;;;;;;;
3.1425;204680000;2027;;;;;;;;;;;;;;
3.145;204682500;2026;;;;;;;;;;;;;;
3.1475;204685000;2025;;;;;;;;;;;;;;
3.15;204687500;2014;;;;;;;;;;;;;;
3.1525;204690000;2011;;;;;;;;;;;;;;
3.155;204692500;2026;;;;;;;;;;;;;;
3.1575;204695000;1998;;;;;;;;;;;;;;
3.16;204697500;2012;;;;;;;;;;;;;;
3.1625;204700000;2014;;;;;;;;;;;;;;
3.165;204702500;2040;;;;;;;;;;;;;;
3.1675;204705000;2031;;;;;;;;;;;;;;
3.17;204707500;2027;;;;;;;;;;;;;;
3.1725;204710000;2013;;;;;;;;;;;;;;
3.175;204712500;2015;;;;;;;;;;;;;;
3.1775;204715000;2009;;;;;;;;;;;;;;
3.18;204717500;2008;;;;;;;;;;;;;;
3.1825;204720000;2009;;;;;;;;;;;;;;
3.185;204722500;2016;;;;;;;;;;;;;;
3.1875;204725000;2028;;;;;;;;;;;;;;
3.19;204727500;2027;;;;;;;;;;;;;;
3.1925;204730000;1997;;;;;;;;;;;;;;
3.195;204732500;2012;;;;;;;;;;;;;;
3.1975;204735000;1996;;;;;;;;;;;;;;
3.2;204737500;2010;;;;;;;;;;;;;;
3.2025;204740000;2015;;;;;;;;;;;;;;
3.205;204742500;2011;;;;;;;;;;;;;;
3.2075;204745000;2040;;;;;;;;;;;;;;
3.21;204747500;2029;;;;;;;;;;;;;;
3.2125;204750000;2009;;;;;;;;;;;;;;
3.215;204752500;1996;;;;;;;;;;;;;;
3.2175;204755000;1995;;;;;;;;;;;;;;
3.22;204757500;2011;;;;;;;;;;;;;;
3.2225;204760000;2023;;;;;;;;;;;;;;
3.225;204762500;2027;;;;;;;;;;;;;;
3.2275;204765000;2027;;;;;;;;;;;;;;
3.23;204767500;2028;;;;;;;;;;;;;;
3.2325;204770000;2009;;;;;;;;;;;;;;
3.235;204772500;2009;;;;;;;;;;;;;;
3.2375;204775000;1993;;;;;;;;;;;;;;
3.24;204777500;2013;;;;;;;;;;;;;;
3.2425;204780000;2011;;;;;;;;;;;;;;
3.245;204782500;2031;;;;;;;;;;;;;;
3.2475;204785000;2028;;;;;;;;;;;;;;
3.25;204787500;2031;;;;;;;;;;;;;;
3.2525;204790000;2013;;;;;;;;;;;;;;
3.255;204792500;2005;;;;;;;;;;;;;;
3.2575;204795000;1999;;;;;;;;;;;;;;
3.26;204797500;2007;;;;;;;;;;;;;;
3.2625;204800000;2013;;;;;;;;;;;;;;
3.265;204802500;2030;;;;;;;;;;;;;;
3.2675;204805000;2027;;;;;;;;;;;;;;
3.27;204807500;2015;;;;;;;;;;;;;;
3.2725;204810000;2012;;;;;;;;;;;;;;
3.275;204812500;1998;;;;;;;;;;;;;;
3.2775;204815000;2000;;;;;;;;;;;;;;
3.28;204817500;2010;;;;;;;;;;;;;;
3.2825;204820000;2015;;;;;;;;;;;;;;
3.285;204822500;2027;;;;;;;;;;;;;;
3.2875;204825000;2028;;;;;;;;;;;;;;
3.29;204827500;2024;;;;;;;;;;;;;;
3.2925;204830000;2010;;;;;;;;;;;;;;
3.295;204832500;2014;;;;;;;;;;;;;;
3.2975;204835000;1997;;;;;;;;;;;;;;
3.3;204837500;1997;;;;;;;;;;;;;;
3.3025;204840000;2014;;;;;;;;;;;;;;
3.305;204842500;2024;;;;;;;;;;;;;;
3.3075;204845000;2040;;;;;;;;;;;;;;
3.31;204847500;2029;;;;;;;;;;;;;;
3.3125;204850000;2013;;;;;;;;;;;;;;
3.315;204852500;2009;;;;;;;;;;;;;;
3.3175;204855000;2009;;;;;;;;;;;;;;
3.32;204857500;2008;;;;;;;;;;;;;;
3.3225;204860000;2027;;;;;;;;;;;;;;
3.325;204862500;2024;;;;;;;;;;;;;;
3.3275;204865000;2027;;;;;;;;;;;;;;
3.33;204867500;2024;;;;;;;;;;;;;;
3.3325;204870000;2009;;;;;;;;;;;;;;
3.335;204872500;1995;;;;;;;;;;;;;;
3.3375;204875000;1998;;;;;;;;;;;;;;
3.34;204877500;2008;;;;;;;;;;;;;;
3.3425;204880000;2013;;;;;;;;;;;;;;
3.345;204882500;2014;;;;;;;;;;;;;;
3.3475;204885000;2029;;;;;;;;;;;;;;
3.35;204887500;2024;;;;;;;;;;;;;;
3.3525;204890000;2022;;;;;;;;;;;;;;
3.355;204892500;1999;;;;;;;;;;;;;;
3.3575;204895000;2000;;;;;;;;;;;;;;
3.36;204897500;1999;;;;;;;;;;;;;;
3.3625;204900000;2014;;;;;;;;;;;;;;
3.365;204902500;2008;;;;;;;;;;;;;;
3.3675;204905000;2031;;;;;;;;;;;;;;
3.37;204907500;2024;;;;;;;;;;;;;;
3.3725;204910000;2008;;;;;;;;;;;;;;
3.375;204912500;1998;;;;;;;;;;;;;;
3.3775;204915000;2007;;;;;;;;;;;;;;
3.38;204917500;2008;;;;;;;;;;;;;;
3.3825;204920000;2011;;;;;;;;;;;;;;
3.385;204922500;2028;;;;;;;;;;;;;;
3.3875;204925000;2031;;;;;;;;;;;;;;
3.39;204927500;2031;;;;;;;;;;;;;;
3.3925;204930000;1998;;;;;;;;;;;;;;
3.395;204932500;1998;;;;;;;;;;;;;;
3.3975;204935000;1993;;;;;;;;;;;;;;
3.4;204937500;2015;;;;;;;;;;;;;;
3.4025;204940000;2010;;;;;;;;;;;;;;
3.405;204942500;2028;;;;;;;;;;;;;;
3.4075;204945000;2028;;;;;;;;;;;;;;
3.41;204947500;2028;;;;;;;;;;;;;;
3.4125;204950000;2014;;;;;;;;;;;;;;
3.415;204952500;2007;;;;;;;;;;;;;;
3.4175;204955000;1998;;;;;;;;;;;;;;
3.42;204957500;2009;;;;;;;;;;;;;;
3.4225;204960000;2026;;;;;;;;;;;;;;
3.425;204962500;2025;;;;;;;;;;;;;;
3.4275;204965000;2025;;;;;;;;;;;;;;
3.43;204967500;2028;;;;;;;;;;;;;;
3.4325;204970000;2011;;;;;;;;;;;;;;
3.435;204972500;2013;;;;;;;;;;;;;;
3.4375;204975000;1996;;;;;;;;;;;;;;
3.44;204977500;2009;;;;;;;;;;;;;;
3.4425;204980000;2014;;;;;;;;;;;;;;
3.445;204982500;2030;;;;;;;;;;;;;;
3.4475;204985000;2029;;;;;;;;;;;;;;
3.45;204987500;2027;;;;;;;;;;;;;;
3.4525;204990000;2014;;;;;;;;;;;;;;
3.455;204992500;1999;;;;;;;;;;;;;;
3.4575;204995000;1998;;;;;;;;;;;;;;
3.46;204997500;2011;;;;;;;;;;;;;;
3.4625;205000000;2025;;;;;;;;;;;;;;
3.465;205002500;2032;;;;;;;;;;;;;;
3.4675;205005000;2040;;;;;;;;;;;;;;
3.47;205007500;2028;;;;;;;;;;;;;;
3.4725;205010000;2025;;;;;;;;;;;;;;
3.475;205012500;2007;;;;;;;;;;;;;;
3.4775;205015000;1997;;;;;;;;;;;;;;
3.48;205017500;2014;;;;;;;;;;;;;;
3.4825;205020000;2012;;;;;;;;;;;;;;
3.485;205022500;2031;;;;;;;;;;;;;;
3.4875;205025000;2041;;;;;;;;;;;;;;
3.49;205027500;2028;;;;;;;;;;;;;;
3.4925;205030000;2013;;;;;;;;;;;;;;
3.495;205032500;2008;;;;;;;;;;;;;;
3.4975;205035000;2009;;;;;;;;;;;;;;
3.5;205037500;2013;;;;;;;;;;;;;;
3.5025;205040000;2013;;;;;;;;;;;;;;
3.505;205042500;2031;;;;;;;;;;;;;;
3.5075;205045000;2028;;;;;;;;;;;;;;
3.51;205047500;2025;;;;;;;;;;;;;;
3.5125;205050000;2013;;;;;;;;;;;;;;
3.515;205052500;1999;;;;;;;;;;;;;;
3.5175;205055000;1999;;;;;;;;;;;;;;
3.52;205057500;2013;;;;;;;;;;;;;;
3.5225;205060000;2010;;;;;;;;;;;;;;
3.525;205062500;2032;;;;;;;;;;;;;;
3.5275;205065000;2031;;;;;;;;;;;;;;
3.53;205067500;2029;;;;;;;;;;;;;;
3.5325;205070000;2012;;;;;;;;;;;;;;
3.535;205072500;2007;;;;;;;;;;;;;;
3.5375;205075000;2012;;;;;;;;;;;;;;
3.54;205077500;2011;;;;;;;;;;;;;;
3.5425;205080000;2028;;;;;;;;;;;;;;
3.545;205082500;2028;;;;;;;;;;;;;;
3.5475;205085000;2028;;;;;;;;;;;;;;
3.55;205087500;2008;;;;;;;;;;;;;;
3.5525;205090000;2008;;;;;;;;;;;;;;
3.555;205092500;1998;;;;;;;;;;;;;;
3.5575;205095000;2008;;;;;;;;;;;;;;
3.56;205097500;1996;;;;;;;;;;;;;;
3.5625;205100000;2028;;;;;;;;;;;;;;
3.565;205102500;2030;;;;;;;;;;;;;;
3.5675;205105000;2031;;;;;;;;;;;;;;
3.57;205107500;2029;;;;;;;;;;;;;;
3.5725;205110000;2023;;;;;;;;;;;;;;
3.575;205112500;2013;;;;;;;;;;;;;;
3.5775;205115000;1998;;;;;;;;;;;;;;
3.58;205117500;2009;;;;;;;;;;;;;;
3.5825;205120000;2028;;;;;;;;;;;;;;
3.585;205122500;2027;;;;;;;;;;;;;;
3.5875;205125000;2027;;;;;;;;;;;;;;
3.59;205127500;2030;;;;;;;;;;;;;;
3.5925;205130000;2014;;;;;;;;;;;;;;
3.595;205132500;1998;;;;;;;;;;;;;;
3.5975;205135000;1998;;;;;;;;;;;;;;
3.6;205137500;2015;;;;;;;;;;;;;;
3.6025;205140000;2028;;;;;;;;;;;;;;
3.605;205142500;2028;;;;;;;;;;;;;;
3.6075;205145000;2041;;;;;;;;;;;;;;
3.61;205147500;2026;;;;;;;;;;;;;;
3.6125;205150000;2012;;;;;;;;;;;;;;
3.615;205152500;1998;;;;;;;;;;;;;;
3.6175;205155000;1994;;;;;;;;;;;;;;
3.62;205157500;2010;;;;;;;;;;;;;;
3.6225;205160000;2022;;;;;;;;;;;;;;
3.625;205162500;2028;;;;;;;;;;;;;;
3.6275;205165000;2026;;;;;;;;;;;;;;
3.63;205167500;2028;;;;;;;;;;;;;;
3.6325;205170000;2013;;;;;;;;;;;;;;
3.635;205172500;2008;;;;;;;;;;;;;;
3.6375;205175000;2011;;;;;;;;;;;;;;
3.64;205177500;2009;;;;;;;;;;;;;;
3.6425;205180000;2024;;;;;;;;;;;;;;
3.645;205182500;2041;;;;;;;;;;;;;;
3.6475;205185000;2032;;;;;;;;;;;;;;
3.65;205187500;2039;;;;;;;;;;;;;;
3.6525;205190000;2024;;;;;;;;;;;;;;
3.655;205192500;2009;;;;;;;;;;;;;;
3.6575;205195000;1998;;;;;;;;;;;;;;
3.66;205197500;2010;;;;;;;;;;;;;;
3.6625;205200000;2015;;;;;;;;;;;;;;
3.665;205202500;2026;;;;;;;;;;;;;;
3.6675;205205000;2027;;;;;;;;;;;;;;
3.67;205207500;2027;;;;;;;;;;;;;;
3.6725;205210000;2024;;;;;;;;;;;;;;
3.675;205212500;1998;;;;;;;;;;;;;;
3.6775;205215000;1995;;;;;;;;;;;;;;
3.68;205217500;2013;;;;;;;;;;;;;;
3.6825;205220000;2023;;;;;;;;;;;;;;
3.685;205222500;2030;;;;;;;;;;;;;;
3.6875;205225000;2026;;;;;;;;;;;;;;
3.69;205227500;2041;;;;;;;;;;;;;;
3.6925;205230000;2008;;;;;;;;;;;;;;
3.695;205232500;2008;;;;;;;;;;;;;;
3.6975;205235000;2000;;;;;;;;;;;;;;
3.7;205237500;2011;;;;;;;;;;;;;;
3.7025;205240000;2023;;;;;;;;;;;;;;
3.705;205242500;2030;;;;;;;;;;;;;;
3.7075;205245000;2030;;;;;;;;;;;;;;
3.71;205247500;2029;;;;;;;;;;;;;;
3.7125;205250000;2024;;;;;;;;;;;;;;
3.715;205252500;2008;;;;;;;;;;;;;;
3.7175;205255000;1999;;;;;;;;;;;;;;
3.72;205257500;2024;;;;;;;;;;;;;;
3.7225;205260000;2016;;;;;;;;;;;;;;
3.725;205262500;2028;;;;;;;;;;;;;;
3.7275;205265000;2027;;;;;;;;;;;;;;
3.73;205267500;2026;;;;;;;;;;;;;;
3.7325;205270000;2015;;;;;;;;;;;;;;
3.735;205272500;1998;;;;;;;;;;;;;;
3.7375;205275000;2010;;;;;;;;;;;;;;
3.74;205277500;2008;;;;;;;;;;;;;;
3.7425;205280000;2014;;;;;;;;;;;;;;
3.745;205282500;2028;;;;;;;;;;;;;;
3.7475;205285000;2028;;;;;;;;;;;;;;
3.75;205287500;2028;;;;;;;;;;;;;;
3.7525;205290000;2009;;;;;;;;;;;;;;
3.755;205292500;1998;;;;;;;;;;;;;;
3.7575;205295000;2010;;;;;;;;;;;;;;
3.76;205297500;2012;;;;;;;;;;;;;;
3.7625;205300000;2029;;;;;;;;;;;;;;
3.765;205302500;2028;;;;;;;;;;;;;;
3.7675;205305000;2030;;;;;;;;;;;;;;
3.77;205307500;2025;;;;;;;;;;;;;;
3.7725;205310000;2025;;;;;;;;;;;;;;
3.775;205312500;2007;;;;;;;;;;;;;;
3.7775;205315000;1995;;;;;;;;;;;;;;
3.78;205317500;2028;;;;;;;;;;;;;;
3.7825;205320000;2023;;;;;;;;;;;;;;
3.785;205322500;2040;;;;;;;;;;;;;;
3.7875;205325000;2040;;;;;;;;;;;;;;
3.79;205327500;2030;;;;;;;;;;;;;;
3.7925;205330000;2015;;;;;;;;;;;;;;
3.795;205332500;2008;;;;;;;;;;;;;;
3.7975;205335000;1991;;;;;;;;;;;;;;
3.8;205337500;2014;;;;;;;;;;;;;;
3.8025;205340000;2027;;;;;;;;;;;;;;
3.805;205342500;2014;;;;;;;;;;;;;;
3.8075;205345000;2013;;;;;;;;;;;;;;
3.81;205347500;2012;;;;;;;;;;;;;;
3.8125;205350000;2012;;;;;;;;;;;;;;
3.815;205352500;1997;;;;;;;;;;;;;;
3.8175;205355000;2012;;;;;;;;;;;;;;
3.82;205357500;2007;;;;;;;;;;;;;;
3.8225;205360000;2025;;;;;;;;;;;;;;
3.825;205362500;2023;;;;;;;;;;;;;;
3.8275;205365000;2028;;;;;;;;;;;;;;
3.83;205367500;2044;;;;;;;;;;;;;;
3.8325;205370000;2023;;;;;;;;;;;;;;
3.835;205372500;1999;;;;;;;;;;;;;;
3.8375;205375000;1998;;;;;;;;;;;;;;
