timestamp_s;timestamp_us;emg_raw;imu1_timestamp_us;imu1_ax;imu1_ay;imu1_az;imu1_gx;imu1_gy;imu1_gz;imu2_timestamp_us;imu2_ax;imu2_ay;imu2_az;imu2_gx;imu2_gy;imu2_gz
0.0;46409066;1995;;;;;;;;;;;;;;
0.01;46419066;1998;;;;;;;;;;;;;;
0.02;46429066;1995;;;;;;;;;;;;;;
0.03;46439066;1997;;;;;;;;;;;;;;
0.04;46449066;1994;;;;;;;;;;;;;;
0.05;46459066;1995;;;;;;;;;;;;;;
0.06;46469066;1993;;;;;;;;;;;;;;
0.07;46479066;1996;;;;;;;;;;;;;;
0.08;46489066;1993;;;;;;;;;;;;;;
0.09;46499066;1995;;;;;;;;;;;;;;
0.1;46509066;1994;;;;;;;;;;;;;;
0.11;46519066;1996;;;;;;;;;;;;;;
0.12;46529066;1994;;;;;;;;;;;;;;
0.13;46539066;1997;;;;;;;;;;;;;;
0.14;46549066;1996;;;;;;;;;;;;;;
0.15;46559066;1996;;;;;;;;;;;;;;
0.16;46569066;1993;;;;;;;;;;;;;;
0.17;46579066;1996;;;;;;;;;;;;;;
0.18;46589066;1995;;;;;;;;;;;;;;
0.19;46599066;1997;;;;;;;;;;;;;;
0.2;46609066;1997;;;;;;;;;;;;;;
0.21;46619066;2009;;;;;;;;;;;;;;
0.22;46629066;1999;;;;;;;;;;;;;;
0.23;46639066;2009;;;;;;;;;;;;;;
0.24;46649066;2008;;;;;;;;;;;;;;
0.25;46659066;2010;;;;;;;;;;;;;;
0.26;46669066;1999;;;;;;;;;;;;;;
0.27;46679066;2009;;;;;;;;;;;;;;
0.28;46689066;2008;;;;;;;;;;;;;;
0.29;46699066;2008;;;;;;;;;;;;;;
0.3;46709066;2008;;;;;;;;;;;;;;
0.31;46719066;2012;;;;;;;;;;;;;;
0.32;46729066;2011;;;;;;;;;;;;;;
0.33;46739066;2015;;;;;;;;;;;;;;
0.34;46749066;2014;;;;;;;;;;;;;;
0.35;46759066;2014;;;;;;;;;;;;;;
0.36;46769066;2012;;;;;;;;;;;;;;
0.37;46779066;2016;;;;;;;;;;;;;;
0.38;46789066;2016;;;;;;;;;;;;;;
0.39;46799066;2024;;;;;;;;;;;;;;
0.4;46809066;2014;;;;;;;;;;;;;;
0.41;46819066;2025;;;;;;;;;;;;;;
0.42;46829066;2015;;;;;;;;;;;;;;
0.43;46839066;2026;;;;;;;;;;;;;;
0.44;46849066;2014;;;;;;;;;;;;;;
0.45;46859066;2016;;;;;;;;;;;;;;
0.46;46869066;2016;;;;;;;;;;;;;;
0.47;46879066;2016;;;;;;;;;;;;;;
0.48;46889066;2014;;;;;;;;;;;;;;
0.49;46899066;2025;;;;;;;;;;;;;;
0.5;46909066;2024;;;;;;;;;;;;;;
0.51;46919066;2025;;;;;;;;;;;;;;
0.52;46929066;2013;;;;;;;;;;;;;;
0.53;46939066;2025;;;;;;;;;;;;;;
0.54;46949066;2014;;;;;;;;;;;;;;
0.55;46959066;2023;;;;;;;;;;;;;;
0.56;46969066;2013;;;;;;;;;;;;;;
0.57;46979066;2014;;;;;;;;;;;;;;
0.58;46989066;2014;;;;;;;;;;;;;;
0.59;46999066;2026;;;;;;;;;;;;;;
0.6;47009066;2014;;;;;;;;;;;;;;
0.61;47019066;2023;;;;;;;;;;;;;;
0.62;47029066;2015;;;;;;;;;;;;;;
0.63;47039066;2026;;;;;;;;;;;;;;
0.64;47049066;2014;;;;;;;;;;;;;;
0.65;47059066;2025;;;;;;;;;;;;;;
0.66;47069066;2015;;;;;;;;;;;;;;
0.67;47079066;2026;;;;;;;;;;;;;;
0.68;47089066;2023;;;;;;;;;;;;;;
0.69;47099066;2026;;;;;;;;;;;;;;
0.7;47109066;2024;;;;;;;;;;;;;;
0.71;47119066;2024;;;;;;;;;;;;;;
0.72;47129066;2016;;;;;;;;;;;;;;
0.73;47139066;2025;;;;;;;;;;;;;;
0.74;47149066;2016;;;;;;;;;;;;;;
0.75;47159066;2015;;;;;;;;;;;;;;
0.76;47169066;2014;;;;;;;;;;;;;;
0.77;47179066;2015;;;;;;;;;;;;;;
0.78;47189066;2014;;;;;;;;;;;;;;
0.79;47199066;2016;;;;;;;;;;;;;;
0.8;47209066;2012;;;;;;;;;;;;;;
0.81;47219066;2024;;;;;;;;;;;;;;
0.82;47229066;2023;;;;;;;;;;;;;;
0.83;47239066;2016;;;;;;;;;;;;;;
0.84;47249066;2014;;;;;;;;;;;;;;
0.85;47259066;2024;;;;;;;;;;;;;;
0.86;47269066;2014;;;;;;;;;;;;;;
0.87;47279066;2016;;;;;;;;;;;;;;
0.88;47289066;2013;;;;;;;;;;;;;;
0.89;47299066;2023;;;;;;;;;;;;;;
0.9;47309066;2012;;;;;;;;;;;;;;
0.91;47319066;2015;;;;;;;;;;;;;;
0.92;47329066;2014;;;;;;;;;;;;;;
0.93;47339066;2023;;;;;;;;;;;;;;
0.94;47349066;2015;;;;;;;;;;;;;;
0.95;47359066;2025;;;;;;;;;;;;;;
0.96;47369066;2015;;;;;;;;;;;;;;
0.97;47379066;2025;;;;;;;;;;;;;;
0.98;47389066;2024;;;;;;;;;;;;;;
0.99;47399066;2026;;;;;;;;;;;;;;
1.0;47409066;2025;;;;;;;;;;;;;;
1.01;47419066;2029;;;;;;;;;;;;;;
1.02;47429066;2025;;;;;;;;;;;;;;
1.03;47439066;2028;;;;;;;;;;;;;;
1.04;47449066;2025;;;;;;;;;;;;;;
1.05;47459066;2028;;;;;;;;;;;;;;
1.06;47469066;2025;;;;;;;;;;;;;;
1.07;47479066;2026;;;;;;;;;;;;;;
1.08;47489066;2024;;;;;;;;;;;;;;
1.09;47499066;2030;;;;;;;;;;;;;;
1.1;47509066;2026;;;;;;;;;;;;;;
1.11;47519066;2028;;;;;;;;;;;;;;
1.12;47529066;2025;;;;;;;;;;;;;;
1.13;47539066;2028;;;;;;;;;;;;;;
1.14;47549066;2024;;;;;;;;;;;;;;
1.15;47559066;2027;;;;;;;;;;;;;;
1.16;47569066;2024;;;;;;;;;;;;;;
1.17;47579066;2028;;;;;;;;;;;;;;
1.18;47589066;2025;;;;;;;;;;;;;;
1.19;47599066;2026;;;;;;;;;;;;;;
1.2;47609066;2023;;;;;;;;;;;;;;
1.21;47619066;2025;;;;;;;;;;;;;;
1.22;47629066;2025;;;;;;;;;;;;;;
1.23;47639066;2028;;;;;;;;;;;;;;
1.24;47649066;2026;;;;;;;;;;;;;;
1.25;47659066;2028;;;;;;;;;;;;;;
1.26;47669066;2026;;;;;;;;;;;;;;
1.27;47679066;2028;;;;;;;;;;;;;;
1.28;47689066;2027;;;;;;;;;;;;;;
1.29;47699066;2027;;;;;;;;;;;;;;
1.3;47709066;2012;;;;;;;;;;;;;;
1.31;47719066;2027;;;;;;;;;;;;;;
1.32;47729066;2025;;;;;;;;;;;;;;
1.33;47739066;2027;;;;;;;;;;;;;;
1.34;47749066;2026;;;;;;;;;;;;;;
1.35;47759066;2025;;;;;;;;;;;;;;
1.36;47769066;2015;;;;;;;;;;;;;;
1.37;47779066;2024;;;;;;;;;;;;;;
1.38;47789066;2014;;;;;;;;;;;;;;
1.39;47799066;2011;;;;;;;;;;;;;;
1.4;47809066;2010;;;;;;;;;;;;;;
1.41;47819066;2013;;;;;;;;;;;;;;
1.42;47829066;2012;;;;;;;;;;;;;;
1.43;47839066;2009;;;;;;;;;;;;;;
1.44;47849066;2008;;;;;;;;;;;;;;
1.45;47859066;2016;;;;;;;;;;;;;;
1.46;47869066;1995;;;;;;;;;;;;;;
1.47;47879066;1996;;;;;;;;;;;;;;
1.48;47889066;1992;;;;;;;;;;;;;;
1.49;47899066;1998;;;;;;;;;;;;;;
1.5;47909066;1997;;;;;;;;;;;;;;
1.51;47919066;1983;;;;;;;;;;;;;;
1.52;47929066;1982;;;;;;;;;;;;;;
1.53;47939066;1978;;;;;;;;;;;;;;
1.54;47949066;1976;;;;;;;;;;;;;;
1.55;47959066;1993;;;;;;;;;;;;;;
1.56;47969066;1992;;;;;;;;;;;;;;
1.57;47979066;2009;;;;;;;;;;;;;;
1.58;47989066;2010;;;;;;;;;;;;;;
1.59;47999066;2024;;;;;;;;;;;;;;
1.6;48009066;2015;;;;;;;;;;;;;;
1.61;48019066;2023;;;;;;;;;;;;;;
1.62;48029066;2011;;;;;;;;;;;;;;
1.63;48039066;2028;;;;;;;;;;;;;;
1.64;48049066;2014;;;;;;;;;;;;;;
1.65;48059066;2008;;;;;;;;;;;;;;
1.66;48069066;2000;;;;;;;;;;;;;;
1.67;48079066;2013;;;;;;;;;;;;;;
1.68;48089066;1995;;;;;;;;;;;;;;
1.69;48099066;2010;;;;;;;;;;;;;;
1.7;48109066;1999;;;;;;;;;;;;;;
1.71;48119066;2009;;;;;;;;;;;;;;
1.72;48129066;2007;;;;;;;;;;;;;;
1.73;48139066;1994;;;;;;;;;;;;;;
1.74;48149066;1992;;;;;;;;;;;;;;
1.75;48159066;1994;;;;;;;;;;;;;;
1.76;48169066;1996;;;;;;;;;;;;;;
1.77;48179066;1997;;;;;;;;;;;;;;
1.78;48189066;1993;;;;;;;;;;;;;;
1.79;48199066;1994;;;;;;;;;;;;;;
1.8;48209066;1992;;;;;;;;;;;;;;
1.81;48219066;1994;;;;;;;;;;;;;;
1.82;48229066;1991;;;;;;;;;;;;;;
1.83;48239066;1980;;;;;;;;;;;;;;
1.84;48249066;1980;;;;;;;;;;;;;;
1.85;48259066;1916;;;;;;;;;;;;;;
1.86;48269066;1897;;;;;;;;;;;;;;
1.87;48279066;1944;;;;;;;;;;;;;;
1.88;48289066;1963;;;;;;;;;;;;;;
1.89;48299066;1959;;;;;;;;;;;;;;
1.9;48309066;1963;;;;;;;;;;;;;;
1.91;48319066;1960;;;;;;;;;;;;;;
1.92;48329066;1962;;;;;;;;;;;;;;
1.93;48339066;1978;;;;;;;;;;;;;;
1.94;48349066;1967;;;;;;;;;;;;;;
1.95;48359066;1960;;;;;;;;;;;;;;
1.96;48369066;1965;;;;;;;;;;;;;;
1.97;48379066;1976;;;;;;;;;;;;;;
1.98;48389066;1976;;;;;;;;;;;;;;
1.99;48399066;1996;;;;;;;;;;;;;;
2.0;48409066;1995;;;;;;;;;;;;;;
2.01;48419066;1997;;;;;;;;;;;;;;
2.02;48429066;1992;;;;;;;;;;;;;;
2.03;48439066;1999;;;;;;;;;;;;;;
2.04;48449066;2006;;;;;;;;;;;;;;
2.05;48459066;2010;;;;;;;;;;;;;;
2.06;48469066;2008;;;;;;;;;;;;;;
2.07;48479066;2008;;;;;;;;;;;;;;
2.08;48489066;1998;;;;;;;;;;;;;;
2.09;48499066;1991;;;;;;;;;;;;;;
2.1;48509066;1992;;;;;;;;;;;;;;
2.11;48519066;1993;;;;;;;;;;;;;;
2.12;48529066;1993;;;;;;;;;;;;;;
2.13;48539066;2010;;;;;;;;;;;;;;
2.14;48549066;1998;;;;;;;;;;;;;;
2.15;48559066;2011;;;;;;;;;;;;;;
2.16;48569066;2009;;;;;;;;;;;;;;
2.17;48579066;2008;;;;;;;;;;;;;;
2.18;48589066;2013;;;;;;;;;;;;;;
2.19;48599066;2014;;;;;;;;;;;;;;
2.2;48609066;2011;;;;;;;;;;;;;;
2.21;48619066;2025;;;;;;;;;;;;;;
2.22;48629066;2008;;;;;;;;;;;;;;
2.23;48639066;2013;;;;;;;;;;;;;;
2.24;48649066;2024;;;;;;;;;;;;;;
2.25;48659066;2012;;;;;;;;;;;;;;
2.26;48669066;2008;;;;;;;;;;;;;;
2.27;48679066;2014;;;;;;;;;;;;;;
2.28;48689066;1996;;;;;;;;;;;;;;
2.29;48699066;1995;;;;;;;;;;;;;;
2.3;48709066;1966;;;;;;;;;;;;;;
2.31;48719066;1992;;;;;;;;;;;;;;
2.32;48729066;1982;;;;;;;;;;;;;;
2.33;48739066;1998;;;;;;;;;;;;;;
2.34;48749066;1983;;;;;;;;;;;;;;
2.35;48759066;1994;;;;;;;;;;;;;;
2.36;48769066;1964;;;;;;;;;;;;;;
2.37;48779066;1996;;;;;;;;;;;;;;
2.38;48789066;1977;;;;;;;;;;;;;;
2.39;48799066;1991;;;;;;;;;;;;;;
2.4;48809066;1991;;;;;;;;;;;;;;
2.41;48819066;2010;;;;;;;;;;;;;;
2.42;48829066;1998;;;;;;;;;;;;;;
2.43;48839066;1998;;;;;;;;;;;;;;
2.44;48849066;1981;;;;;;;;;;;;;;
2.45;48859066;1998;;;;;;;;;;;;;;
2.46;48869066;1996;;;;;;;;;;;;;;
2.47;48879066;2010;;;;;;;;;;;;;;
2.48;48889066;1998;;;;;;;;;;;;;;
2.49;48899066;1997;;;;;;;;;;;;;;
2.5;48909066;1980;;;;;;;;;;;;;;
2.51;48919066;1981;;;;;;;;;;;;;;
2.52;48929066;1984;;;;;;;;;;;;;;
2.53;48939066;1994;;;;;;;;;;;;;;
2.54;48949066;1949;;;;;;;;;;;;;;
2.55;48959066;1979;;;;;;;;;;;;;;
2.56;48969066;1960;;;;;;;;;;;;;;
2.57;48979066;2007;;;;;;;;;;;;;;
2.58;48989066;1980;;;;;;;;;;;;;;
2.59;48999066;2008;;;;;;;;;;;;;;
2.6;49009066;1975;;;;;;;;;;;;;;
2.61;49019066;2012;;;;;;;;;;;;;;
2.62;49029066;1996;;;;;;;;;;;;;;
2.63;49039066;2014;;;;;;;;;;;;;;
2.64;49049066;1997;;;;;;;;;;;;;;
2.65;49059066;1997;;;;;;;;;;;;;;
2.66;49069066;1995;;;;;;;;;;;;;;
2.67;49079066;1998;;;;;;;;;;;;;;
2.68;49089066;2009;;;;;;;;;;;;;;
2.69;49099066;1996;;;;;;;;;;;;;;
2.7;49109066;1993;;;;;;;;;;;;;;
2.71;49119066;1984;;;;;;;;;;;;;;
2.72;49129066;1995;;;;;;;;;;;;;;
2.73;49139066;1982;;;;;;;;;;;;;;
2.74;49149066;1984;;;;;;;;;;;;;;
2.75;49159066;1992;;;;;;;;;;;;;;
2.76;49169066;2012;;;;;;;;;;;;;;
2.77;49179066;1990;;;;;;;;;;;;;;
2.78;49189066;1999;;;;;;;;;;;;;;
2.79;49199066;2014;;;;;;;;;;;;;;
2.8;49209066;2029;;;;;;;;;;;;;;
2.81;49219066;2028;;;;;;;;;;;;;;
2.82;49229066;1992;;;;;;;;;;;;;;
2.83;49239066;2014;;;;;;;;;;;;;;
2.84;49249066;1997;;;;;;;;;;;;;;
2.85;49259066;2010;;;;;;;;;;;;;;
2.86;49269066;2007;;;;;;;;;;;;;;
2.87;49279066;2025;;;;;;;;;;;;;;
2.88;49289066;2009;;;;;;;;;;;;;;
2.89;49299066;2032;;;;;;;;;;;;;;
2.9;49309066;2024;;;;;;;;;;;;;;
2.91;49319066;2042;;;;;;;;;;;;;;
2.92;49329066;2028;;;;;;;;;;;;;;
2.93;49339066;2032;;;;;;;;;;;;;;
2.94;49349066;2015;;;;;;;;;;;;;;
2.95;49359066;2041;;;;;;;;;;;;;;
2.96;49369066;2041;;;;;;;;;;;;;;
2.97;49379066;2031;;;;;;;;;;;;;;
2.98;49389066;2000;;;;;;;;;;;;;;
2.99;49399066;2040;;;;;;;;;;;;;;
3.0;49409066;2040;;;;;;;;;;;;;;
3.01;49419066;2031;;;;;;;;;;;;;;
3.02;49429066;1992;;;;;;;;;;;;;;
3.03;49439066;2030;;;;;;;;;;;;;;
3.04;49449066;2058;;;;;;;;;;;;;;
3.05;49459066;2045;;;;;;;;;;;;;;
3.06;49469066;2056;;;;;;;;;;;;;;
3.07;49479066;2029;;;;;;;;;;;;;;
3.08;49489066;2059;;;;;;;;;;;;;;
3.09;49499066;2061;;;;;;;;;;;;;;
3.1;49509066;2056;;;;;;;;;;;;;;
3.11;49519066;2046;;;;;;;;;;;;;;
3.12;49529066;2058;;;;;;;;;;;;;;
3.13;49539066;2059;;;;;;;;;;;;;;
3.14;49549066;2043;;;;;;;;;;;;;;
3.15;49559066;2041;;;;;;;;;;;;;;
3.16;49569066;2027;;;;;;;;;;;;;;
3.17;49579066;2046;;;;;;;;;;;;;;
3.18;49589066;2047;;;;;;;;;;;;;;
3.19;49599066;2044;;;;;;;;;;;;;;
3.2;49609066;2055;;;;;;;;;;;;;;
3.21;49619066;2030;;;;;;;;;;;;;;
3.22;49629066;2041;;;;;;;;;;;;;;
3.23;49639066;2047;;;;;;;;;;;;;;
3.24;49649066;2056;;;;;;;;;;;;;;
3.25;49659066;2043;;;;;;;;;;;;;;
3.26;49669066;2056;;;;;;;;;;;;;;
3.27;49679066;2039;;;;;;;;;;;;;;
3.28;49689066;2029;;;;;;;;;;;;;;
3.29;49699066;2046;;;;;;;;;;;;;;
3.3;49709066;2043;;;;;;;;;;;;;;
3.31;49719066;2063;;;;;;;;;;;;;;
3.32;49729066;2058;;;;;;;;;;;;;;
3.33;49739066;2061;;;;;;;;;;;;;;
3.34;49749066;2059;;;;;;;;;;;;;;
3.35;49759066;2062;;;;;;;;;;;;;;
3.36;49769066;2056;;;;;;;;;;;;;;
3.37;49779066;2088;;;;;;;;;;;;;;
3.38;49789066;2042;;;;;;;;;;;;;;
3.39;49799066;2062;;;;;;;;;;;;;;
3.4;49809066;2074;;;;;;;;;;;;;;
3.41;49819066;2044;;;;;;;;;;;;;;
3.42;49829066;2064;;;;;;;;;;;;;;
3.43;49839066;2060;;;;;;;;;;;;;;
3.44;49849066;2076;;;;;;;;;;;;;;
3.45;49859066;2072;;;;;;;;;;;;;;
3.46;49869066;2061;;;;;;;;;;;;;;
3.47;49879066;2092;;;;;;;;;;;;;;
3.48;49889066;2039;;;;;;;;;;;;;;
3.49;49899066;2074;;;;;;;;;;;;;;
3.5;49909066;2078;;;;;;;;;;;;;;
3.51;49919066;2074;;;;;;;;;;;;;;
3.52;49929066;2060;;;;;;;;;;;;;;
3.53;49939066;2043;;;;;;;;;;;;;;
3.54;49949066;2048;;;;;;;;;;;;;;
3.55;49959066;2076;;;;;;;;;;;;;;
3.56;49969066;2046;;;;;;;;;;;;;;
3.57;49979066;2058;;;;;;;;;;;;;;
3.58;49989066;2072;;;;;;;;;;;;;;
3.59;49999066;2078;;;;;;;;;;;;;;
3.6;50009066;2078;;;;;;;;;;;;;;
3.61;50019066;2059;;;;;;;;;;;;;;
3.62;50029066;2029;;;;;;;;;;;;;;
3.63;50039066;2075;;;;;;;;;;;;;;
3.64;50049066;2073;;;;;;;;;;;;;;
3.65;50059066;2061;;;;;;;;;;;;;;
3.66;50069066;2059;;;;;;;;;;;;;;
3.67;50079066;2044;;;;;;;;;;;;;;
3.68;50089066;2073;;;;;;;;;;;;;;
3.69;50099066;2078;;;;;;;;;;;;;;
3.7;50109066;2076;;;;;;;;;;;;;;
3.71;50119066;2060;;;;;;;;;;;;;;
3.72;50129066;2062;;;;;;;;;;;;;;
3.73;50139066;2075;;;;;;;;;;;;;;
3.74;50149066;2063;;;;;;;;;;;;;;
3.75;50159066;2075;;;;;;;;;;;;;;
3.76;50169066;2078;;;;;;;;;;;;;;
3.77;50179066;2062;;;;;;;;;;;;;;
3.78;50189066;2060;;;;;;;;;;;;;;
3.79;50199066;2064;;;;;;;;;;;;;;
3.8;50209066;2062;;;;;;;;;;;;;;
3.81;50219066;2025;;;;;;;;;;;;;;
3.82;50229066;2064;;;;;;;;;;;;;;
3.83;50239066;2063;;;;;;;;;;;;;;
3.84;50249066;2044;;;;;;;;;;;;;;
3.85;50259066;2072;;;;;;;;;;;;;;
3.86;50269066;2010;;;;;;;;;;;;;;
3.87;50279066;2045;;;;;;;;;;;;;;
3.88;50289066;2045;;;;;;;;;;;;;;
3.89;50299066;2012;;;;;;;;;;;;;;
3.9;50309066;2079;;;;;;;;;;;;;;
3.91;50319066;2027;;;;;;;;;;;;;;
3.92;50329066;2058;;;;;;;;;;;;;;
3.93;50339066;2030;;;;;;;;;;;;;;
3.94;50349066;2043;;;;;;;;;;;;;;
3.95;50359066;2008;;;;;;;;;;;;;;
3.96;50369066;2030;;;;;;;;;;;;;;
3.97;50379066;2030;;;;;;;;;;;;;;
3.98;50389066;2045;;;;;;;;;;;;;;
3.99;50399066;2046;;;;;;;;;;;;;;
4.0;50409066;2031;;;;;;;;;;;;;;
4.01;50419066;2031;;;;;;;;;;;;;;
4.02;50429066;2048;;;;;;;;;;;;;;
4.03;50439066;2025;;;;;;;;;;;;;;
4.04;50449066;2031;;;;;;;;;;;;;;
4.05;50459066;2045;;;;;;;;;;;;;;
4.06;50469066;2028;;;;;;;;;;;;;;
4.07;50479066;2040;;;;;;;;;;;;;;
4.08;50489066;2012;;;;;;;;;;;;;;
4.09;50499066;2041;;;;;;;;;;;;;;
4.1;50509066;2048;;;;;;;;;;;;;;
4.11;50519066;2030;;;;;;;;;;;;;;
4.12;50529066;2015;;;;;;;;;;;;;;
4.13;50539066;2044;;;;;;;;;;;;;;
4.14;50549066;2032;;;;;;;;;;;;;;
4.15;50559066;2056;;;;;;;;;;;;;;
4.16;50569066;2046;;;;;;;;;;;;;;
4.17;50579066;2047;;;;;;;;;;;;;;
4.18;50589066;2038;;;;;;;;;;;;;;
4.19;50599066;2056;;;;;;;;;;;;;;
4.2;50609066;2024;;;;;;;;;;;;;;
4.21;50619066;2058;;;;;;;;;;;;;;
4.22;50629066;2032;;;;;;;;;;;;;;
4.23;50639066;2058;;;;;;;;;;;;;;
4.24;50649066;2044;;;;;;;;;;;;;;
4.25;50659066;2040;;;;;;;;;;;;;;
4.26;50669066;2058;;;;;;;;;;;;;;
4.27;50679066;2024;;;;;;;;;;;;;;
4.28;50689066;2038;;;;;;;;;;;;;;
4.29;50699066;2047;;;;;;;;;;;;;;
4.3;50709066;2025;;;;;;;;;;;;;;
4.31;50719066;2073;;;;;;;;;;;;;;
4.32;50729066;2028;;;;;;;;;;;;;;
4.33;50739066;2075;;;;;;;;;;;;;;
4.34;50749066;2047;;;;;;;;;;;;;;
4.35;50759066;2056;;;;;;;;;;;;;;
4.36;50769066;2064;;;;;;;;;;;;;;
4.37;50779066;2030;;;;;;;;;;;;;;
4.38;50789066;2061;;;;;;;;;;;;;;
4.39;50799066;2061;;;;;;;;;;;;;;
4.4;50809066;2056;;;;;;;;;;;;;;
4.41;50819066;2058;;;;;;;;;;;;;;
4.42;50829066;2041;;;;;;;;;;;;;;
4.43;50839066;2063;;;;;;;;;;;;;;
4.44;50849066;2073;;;;;;;;;;;;;;
4.45;50859066;2026;;;;;;;;;;;;;;
4.46;50869066;2060;;;;;;;;;;;;;;
4.47;50879066;2044;;;;;;;;;;;;;;
4.48;50889066;1999;;;;;;;;;;;;;;
4.49;50899066;2056;;;;;;;;;;;;;;
4.5;50909066;2027;;;;;;;;;;;;;;
4.51;50919066;2047;;;;;;;;;;;;;;
4.52;50929066;2041;;;;;;;;;;;;;;
4.53;50939066;2057;;;;;;;;;;;;;;
4.54;50949066;2012;;;;;;;;;;;;;;
4.55;50959066;2058;;;;;;;;;;;;;;
4.56;50969066;2025;;;;;;;;;;;;;;
4.57;50979066;2039;;;;;;;;;;;;;;
4.58;50989066;2047;;;;;;;;;;;;;;
4.59;50999066;2058;;;;;;;;;;;;;;
4.6;51009066;2046;;;;;;;;;;;;;;
4.61;51019066;2047;;;;;;;;;;;;;;
4.62;51029066;2048;;;;;;;;;;;;;;
4.63;51039066;2040;;;;;;;;;;;;;;
4.64;51049066;2046;;;;;;;;;;;;;;
4.65;51059066;2024;;;;;;;;;;;;;;
4.66;51069066;2044;;;;;;;;;;;;;;
4.67;51079066;2060;;;;;;;;;;;;;;
4.68;51089066;2041;;;;;;;;;;;;;;
4.69;51099066;2040;;;;;;;;;;;;;;
4.7;51109066;2029;;;;;;;;;;;;;;
4.71;51119066;2040;;;;;;;;;;;;;;
4.72;51129066;2027;;;;;;;;;;;;;;
4.73;51139066;2056;;;;;;;;;;;;;;
4.74;51149066;1995;;;;;;;;;;;;;;
4.75;51159066;2040;;;;;;;;;;;;;;
4.76;51169066;2009;;;;;;;;;;;;;;
4.77;51179066;2048;;;;;;;;;;;;;;
4.78;51189066;2014;;;;;;;;;;;;;;
4.79;51199066;2046;;;;;;;;;;;;;;
4.8;51209066;2008;;;;;;;;;;;;;;
4.81;51219066;2056;;;;;;;;;;;;;;
4.82;51229066;2031;;;;;;;;;;;;;;
4.83;51239066;2045;;;;;;;;;;;;;;
4.84;51249066;1966;;;;;;;;;;;;;;
4.85;51259066;2042;;;;;;;;;;;;;;
4.86;51269066;2058;;;;;;;;;;;;;;
4.87;51279066;2014;;;;;;;;;;;;;;
4.88;51289066;2029;;;;;;;;;;;;;;
4.89;51299066;2024;;;;;;;;;;;;;;
4.9;51309066;2045;;;;;;;;;;;;;;
4.91;51319066;2024;;;;;;;;;;;;;;
4.92;51329066;2043;;;;;;;;;;;;;;
4.93;51339066;2025;;;;;;;;;;;;;;
4.94;51349066;2043;;;;;;;;;;;;;;
4.95;51359066;2041;;;;;;;;;;;;;;
4.96;51369066;2024;;;;;;;;;;;;;;
4.97;51379066;2057;;;;;;;;;;;;;;
4.98;51389066;2031;;;;;;;;;;;;;;
4.99;51399066;2044;;;;;;;;;;;;;;
5.0;51409066;2041;;;;;;;;;;;;;;
5.01;51419066;2029;;;;;;;;;;;;;;
5.02;51429066;2045;;;;;;;;;;;;;;
5.03;51439066;2028;;;;;;;;;;;;;;
5.04;51449066;2041;;;;;;;;;;;;;;
5.05;51459066;2045;;;;;;;;;;;;;;
5.06;51469066;1964;;;;;;;;;;;;;;
5.07;51479066;2029;;;;;;;;;;;;;;
5.08;51489066;2042;;;;;;;;;;;;;;
5.09;51499066;2011;;;;;;;;;;;;;;
5.1;51509066;2013;;;;;;;;;;;;;;
5.11;51519066;2015;;;;;;;;;;;;;;
5.12;51529066;2011;;;;;;;;;;;;;;
5.13;51539066;2024;;;;;;;;;;;;;;
5.14;51549066;2009;;;;;;;;;;;;;;
5.15;51559066;2014;;;;;;;;;;;;;;
5.16;51569066;2039;;;;;;;;;;;;;;
5.17;51579066;1983;;;;;;;;;;;;;;
5.18;51589066;2024;;;;;;;;;;;;;;
5.19;51599066;2025;;;;;;;;;;;;;;
5.2;51609066;2042;;;;;;;;;;;;;;
5.21;51619066;2023;;;;;;;;;;;;;;
5.22;51629066;2040;;;;;;;;;;;;;;
5.23;51639066;2046;;;;;;;;;;;;;;
5.24;51649066;2042;;;;;;;;;;;;;;
5.25;51659066;2059;;;;;;;;;;;;;;
5.26;51669066;2040;;;;;;;;;;;;;;
5.27;51679066;2044;;;;;;;;;;;;;;
5.28;51689066;2040;;;;;;;;;;;;;;
5.29;51699066;2030;;;;;;;;;;;;;;
5.3;51709066;2056;;;;;;;;;;;;;;
5.31;51719066;2041;;;;;;;;;;;;;;
5.32;51729066;2047;;;;;;;;;;;;;;
5.33;51739066;2057;;;;;;;;;;;;;;
5.34;51749066;2057;;;;;;;;;;;;;;
5.35;51759066;2063;;;;;;;;;;;;;;
5.36;51769066;2057;;;;;;;;;;;;;;
5.37;51779066;2060;;;;;;;;;;;;;;
5.38;51789066;2063;;;;;;;;;;;;;;
5.39;51799066;2062;;;;;;;;;;;;;;
5.4;51809066;2064;;;;;;;;;;;;;;
5.41;51819066;2078;;;;;;;;;;;;;;
5.42;51829066;2076;;;;;;;;;;;;;;
5.43;51839066;2090;;;;;;;;;;;;;;
5.44;51849066;2087;;;;;;;;;;;;;;
5.45;51859066;2092;;;;;;;;;;;;;;
5.46;51869066;2092;;;;;;;;;;;;;;
5.47;51879066;2094;;;;;;;;;;;;;;
5.48;51889066;2094;;;;;;;;;;;;;;
5.49;51899066;2094;;;;;;;;;;;;;;
5.5;51909066;2102;;;;;;;;;;;;;;
5.51;51919066;2103;;;;;;;;;;;;;;
5.52;51929066;2093;;;;;;;;;;;;;;
5.53;51939066;2095;;;;;;;;;;;;;;
5.54;51949066;2093;;;;;;;;;;;;;;
5.55;51959066;2094;;;;;;;;;;;;;;
5.56;51969066;2091;;;;;;;;;;;;;;
5.57;51979066;2091;;;;;;;;;;;;;;
5.58;51989066;2089;;;;;;;;;;;;;;
5.59;51999066;2090;;;;;;;;;;;;;;
5.6;52009066;2086;;;;;;;;;;;;;;
5.61;52019066;2078;;;;;;;;;;;;;;
5.62;52029066;2075;;;;;;;;;;;;;;
5.63;52039066;2073;;;;;;;;;;;;;;
5.64;52049066;2064;;;;;;;;;;;;;;
5.65;52059066;2072;;;;;;;;;;;;;;
5.66;52069066;2062;;;;;;;;;;;;;;
5.67;52079066;2061;;;;;;;;;;;;;;
5.68;52089066;2058;;;;;;;;;;;;;;
5.69;52099066;2057;;;;;;;;;;;;;;
5.7;52109066;2044;;;;;;;;;;;;;;
5.71;52119066;2045;;;;;;;;;;;;;;
5.72;52129066;2043;;;;;;;;;;;;;;
5.73;52139066;2041;;;;;;;;;;;;;;
5.74;52149066;2030;;;;;;;;;;;;;;
5.75;52159066;2028;;;;;;;;;;;;;;
5.76;52169066;2024;;;;;;;;;;;;;;
5.77;52179066;2023;;;;;;;;;;;;;;
5.78;52189066;2009;;;;;;;;;;;;;;
5.79;52199066;2009;;;;;;;;;;;;;;
5.8;52209066;1997;;;;;;;;;;;;;;
5.81;52219066;1983;;;;;;;;;;;;;;
5.82;52229066;1979;;;;;;;;;;;;;;
5.83;52239066;1962;;;;;;;;;;;;;;
5.84;52249066;1946;;;;;;;;;;;;;;
5.85;52259066;1945;;;;;;;;;;;;;;
5.86;52269066;1928;;;;;;;;;;;;;;
5.87;52279066;1903;;;;;;;;;;;;;;
5.88;52289066;1883;;;;;;;;;;;;;;
5.89;52299066;1853;;;;;;;;;;;;;;
5.9;52309066;1822;;;;;;;;;;;;;;
5.91;52319066;1785;;;;;;;;;;;;;;
5.92;52329066;1751;;;;;;;;;;;;;;
5.93;52339066;1720;;;;;;;;;;;;;;
5.94;52349066;1690;;;;;;;;;;;;;;
5.95;52359066;1678;;;;;;;;;;;;;;
5.96;52369066;1676;;;;;;;;;;;;;;
5.97;52379066;1679;;;;;;;;;;;;;;
5.98;52389066;1690;;;;;;;;;;;;;;
5.99;52399066;1709;;;;;;;;;;;;;;
6.0;52409066;1727;;;;;;;;;;;;;;
6.01;52419066;1755;;;;;;;;;;;;;;
6.02;52429066;1787;;;;;;;;;;;;;;
6.03;52439066;1818;;;;;;;;;;;;;;
6.04;52449066;1848;;;;;;;;;;;;;;
6.05;52459066;1884;;;;;;;;;;;;;;
6.06;52469066;1912;;;;;;;;;;;;;;
6.07;52479066;1946;;;;;;;;;;;;;;
6.08;52489066;1979;;;;;;;;;;;;;;
6.09;52499066;2006;;;;;;;;;;;;;;
6.1;52509066;2027;;;;;;;;;;;;;;
6.11;52519066;2057;;;;;;;;;;;;;;
6.12;52529066;2076;;;;;;;;;;;;;;
6.13;52539066;2095;;;;;;;;;;;;;;
6.14;52549066;2119;;;;;;;;;;;;;;
6.15;52559066;2136;;;;;;;;;;;;;;
6.16;52569066;2141;;;;;;;;;;;;;;
6.17;52579066;2156;;;;;;;;;;;;;;
6.18;52589066;2170;;;;;;;;;;;;;;
6.19;52599066;2176;;;;;;;;;;;;;;
6.2;52609066;2186;;;;;;;;;;;;;;
6.21;52619066;2188;;;;;;;;;;;;;;
6.22;52629066;2191;;;;;;;;;;;;;;
6.23;52639066;2201;;;;;;;;;;;;;;
6.24;52649066;2201;;;;;;;;;;;;;;
6.25;52659066;2204;;;;;;;;;;;;;;
6.26;52669066;2205;;;;;;;;;;;;;;
6.27;52679066;2205;;;;;;;;;;;;;;
6.28;52689066;2202;;;;;;;;;;;;;;
6.29;52699066;2204;;;;;;;;;;;;;;
6.3;52709066;2202;;;;;;;;;;;;;;
6.31;52719066;2201;;;;;;;;;;;;;;
6.32;52729066;2190;;;;;;;;;;;;;;
6.33;52739066;2199;;;;;;;;;;;;;;
6.34;52749066;2188;;;;;;;;;;;;;;
6.35;52759066;2187;;;;;;;;;;;;;;
6.36;52769066;2183;;;;;;;;;;;;;;
6.37;52779066;2184;;;;;;;;;;;;;;
6.38;52789066;2171;;;;;;;;;;;;;;
6.39;52799066;2169;;;;;;;;;;;;;;
6.4;52809066;2168;;;;;;;;;;;;;;
6.41;52819066;2159;;;;;;;;;;;;;;
6.42;52829066;2153;;;;;;;;;;;;;;
6.43;52839066;2152;;;;;;;;;;;;;;
6.44;52849066;2143;;;;;;;;;;;;;;
6.45;52859066;2140;;;;;;;;;;;;;;
6.46;52869066;2128;;;;;;;;;;;;;;
6.47;52879066;2126;;;;;;;;;;;;;;
6.48;52889066;2122;;;;;;;;;;;;;;
6.49;52899066;2121;;;;;;;;;;;;;;
6.5;52909066;2120;;;;;;;;;;;;;;
6.51;52919066;2108;;;;;;;;;;;;;;
6.52;52929066;2106;;;;;;;;;;;;;;
6.53;52939066;2107;;;;;;;;;;;;;;
6.54;52949066;2096;;;;;;;;;;;;;;
6.55;52959066;2094;;;;;;;;;;;;;;
6.56;52969066;2091;;;;;;;;;;;;;;
6.57;52979066;2087;;;;;;;;;;;;;;
6.58;52989066;2087;;;;;;;;;;;;;;
6.59;52999066;2079;;;;;;;;;;;;;;
6.6;53009066;2078;;;;;;;;;;;;;;
6.61;53019066;2076;;;;;;;;;;;;;;
6.62;53029066;2073;;;;;;;;;;;;;;
6.63;53039066;2074;;;;;;;;;;;;;;
6.64;53049066;2063;;;;;;;;;;;;;;
6.65;53059066;2060;;;;;;;;;;;;;;
6.66;53069066;2057;;;;;;;;;;;;;;
6.67;53079066;2059;;;;;;;;;;;;;;
6.68;53089066;2057;;;;;;;;;;;;;;
6.69;53099066;2056;;;;;;;;;;;;;;
6.7;53109066;2045;;;;;;;;;;;;;;
6.71;53119066;2045;;;;;;;;;;;;;;
6.72;53129066;2044;;;;;;;;;;;;;;
6.73;53139066;2043;;;;;;;;;;;;;;
6.74;53149066;2041;;;;;;;;;;;;;;
6.75;53159066;2041;;;;;;;;;;;;;;
6.76;53169066;2039;;;;;;;;;;;;;;
6.77;53179066;2040;;;;;;;;;;;;;;
6.78;53189066;2030;;;;;;;;;;;;;;
6.79;53199066;2039;;;;;;;;;;;;;;
6.8;53209066;2026;;;;;;;;;;;;;;
6.81;53219066;2029;;;;;;;;;;;;;;
6.82;53229066;2026;;;;;;;;;;;;;;
6.83;53239066;2024;;;;;;;;;;;;;;
6.84;53249066;2025;;;;;;;;;;;;;;
6.85;53259066;2025;;;;;;;;;;;;;;
6.86;53269066;2016;;;;;;;;;;;;;;
6.87;53279066;2025;;;;;;;;;;;;;;
6.88;53289066;2023;;;;;;;;;;;;;;
6.89;53299066;2023;;;;;;;;;;;;;;
6.9;53309066;2024;;;;;;;;;;;;;;
6.91;53319066;2014;;;;;;;;;;;;;;
6.92;53329066;2013;;;;;;;;;;;;;;
6.93;53339066;2013;;;;;;;;;;;;;;
6.94;53349066;2012;;;;;;;;;;;;;;
6.95;53359066;2014;;;;;;;;;;;;;;
6.96;53369066;2023;;;;;;;;;;;;;;
6.97;53379066;2012;;;;;;;;;;;;;;
6.98;53389066;2012;;;;;;;;;;;;;;
6.99;53399066;2015;;;;;;;;;;;;;;
7.0;53409066;2012;;;;;;;;;;;;;;
7.01;53419066;2012;;;;;;;;;;;;;;
7.02;53429066;2012;;;;;;;;;;;;;;
7.03;53439066;2013;;;;;;;;;;;;;;
7.04;53449066;2010;;;;;;;;;;;;;;
7.05;53459066;2013;;;;;;;;;;;;;;
7.06;53469066;2012;;;;;;;;;;;;;;
7.07;53479066;2010;;;;;;;;;;;;;;
7.08;53489066;2008;;;;;;;;;;;;;;
7.09;53499066;2010;;;;;;;;;;;;;;
7.1;53509066;2009;;;;;;;;;;;;;;
7.11;53519066;2010;;;;;;;;;;;;;;
7.12;53529066;2008;;;;;;;;;;;;;;
7.13;53539066;2009;;;;;;;;;;;;;;
7.14;53549066;2011;;;;;;;;;;;;;;
7.15;53559066;2011;;;;;;;;;;;;;;
7.16;53569066;2008;;;;;;;;;;;;;;
7.17;53579066;2008;;;;;;;;;;;;;;
7.18;53589066;2008;;;;;;;;;;;;;;
7.19;53599066;2010;;;;;;;;;;;;;;
7.2;53609066;1999;;;;;;;;;;;;;;
7.21;53619066;1999;;;;;;;;;;;;;;
7.22;53629066;1998;;;;;;;;;;;;;;
7.23;53639066;1997;;;;;;;;;;;;;;
7.24;53649066;1994;;;;;;;;;;;;;;
7.25;53659066;2011;;;;;;;;;;;;;;
7.26;53669066;1993;;;;;;;;;;;;;;
7.27;53679066;1992;;;;;;;;;;;;;;
7.28;53689066;1995;;;;;;;;;;;;;;
7.29;53699066;1993;;;;;;;;;;;;;;
7.3;53709066;1992;;;;;;;;;;;;;;
7.31;53719066;1992;;;;;;;;;;;;;;
7.32;53729066;1992;;;;;;;;;;;;;;
7.33;53739066;1982;;;;;;;;;;;;;;
7.34;53749066;1980;;;;;;;;;;;;;;
